DRG Definition, Total Discharges ,Average Covered Charges,Average Total Payments,Average Medicare Payments
682 - RENAL FAILURE W MCC,120442,$43907.75,$11150.63,$9682.35
799 - SPLENECTOMY W MCC,493,$164498.32,$39098.35,$36032.58
001 - HEART TRANSPLANT OR IMPLANT OF HEART ASSIST SYSTEM W MCC,1926,$952769.33,$257134.39,$218591.40
002 - HEART TRANSPLANT OR IMPLANT OF HEART ASSIST SYSTEM W/O MCC,277,$579637.75,$151759.03,$127233.05
"003 - ECMO OR TRACH W MV >96 HRS OR PDX EXC FACE, MOUTH & NECK W MAJ O.R.",16091,$550505.49,$138799.62,$124819.57
"004 - TRACH W MV 96+ HRS OR PDX EXC FACE, MOUTH & NECK W/O MAJ O.R.",17429,$316527.45,$78289.87,$71125.25
005 - LIVER TRANSPLANT W MCC OR INTESTINAL TRANSPLANT,1164,$506378.70,$123333.10,$98256.66
006 - LIVER TRANSPLANT W/O MCC,359,$288418.35,$60547.78,$40145.67
007 - LUNG TRANSPLANT,552,$515371.32,$107653.01,$82171.83
008 - SIMULTANEOUS PANCREAS/KIDNEY TRANSPLANT,437,$401285.29,$67144.58,$48495.43
010 - PANCREAS TRANSPLANT,56,$240960.89,$55330.80,$31103.34
"011 - TRACHEOSTOMY FOR FACE,MOUTH & NECK DIAGNOSES W MCC",1725,$172961.79,$44342.04,$38634.64
"012 - TRACHEOSTOMY FOR FACE,MOUTH & NECK DIAGNOSES W CC",1879,$128012.11,$31652.79,$26499.90
"013 - TRACHEOSTOMY FOR FACE,MOUTH & NECK DIAGNOSES W/O CC/MCC",666,$83344.74,$20458.29,$16550.97
014 - ALLOGENEIC BONE MARROW TRANSPLANT,967,$395100.29,$119293.41,$99219.66
016 - AUTOLOGOUS BONE MARROW TRANSPLANT W CC/MCC,1954,$206761.03,$57629.62,$45883.67
017 - AUTOLOGOUS BONE MARROW TRANSPLANT W/O CC/MCC,181,$141230.70,$40238.83,$29928.44
020 - INTRACRANIAL VASCULAR PROCEDURES W PDX HEMORRHAGE W MCC,1319,$336259.35,$83337.49,$73854.76
021 - INTRACRANIAL VASCULAR PROCEDURES W PDX HEMORRHAGE W CC,374,$240408.58,$60867.15,$54481.90
022 - INTRACRANIAL VASCULAR PROCEDURES W PDX HEMORRHAGE W/O CC/MCC,89,$160071.58,$39505.26,$32655.94
023 - CRANIO W MAJOR DEV IMPL/ACUTE COMPLEX CNS PDX W MCC OR CHEMO IMPLANT,6945,$180756.10,$43175.61,$38046.40
024 - CRANIO W MAJOR DEV IMPL/ACUTE COMPLEX CNS PDX W/O MCC,2638,$131471.99,$29462.32,$25656.97
025 - CRANIOTOMY & ENDOVASCULAR INTRACRANIAL PROCEDURES W MCC,19254,$140184.89,$34481.28,$30273.42
026 - CRANIOTOMY & ENDOVASCULAR INTRACRANIAL PROCEDURES W CC,8176,$101051.16,$24501.15,$20833.82
027 - CRANIOTOMY & ENDOVASCULAR INTRACRANIAL PROCEDURES W/O CC/MCC,10488,$83220.04,$19540.01,$16065.13
028 - SPINAL PROCEDURES W MCC,2078,$174110.73,$43921.67,$38279.67
029 - SPINAL PROCEDURES W CC OR SPINAL NEUROSTIMULATORS,3561,$101574.55,$25287.06,$21404.74
030 - SPINAL PROCEDURES W/O CC/MCC,2645,$59438.46,$14263.71,$11515.16
031 - VENTRICULAR SHUNT PROCEDURES W MCC,1041,$123750.41,$31664.29,$27845.69
032 - VENTRICULAR SHUNT PROCEDURES W CC,2211,$66181.62,$16179.12,$13574.01
033 - VENTRICULAR SHUNT PROCEDURES W/O CC/MCC,2716,$51078.49,$12114.04,$10388.79
034 - CAROTID ARTERY STENT PROCEDURE W MCC,786,$123078.15,$27808.52,$24965.34
035 - CAROTID ARTERY STENT PROCEDURE W CC,1945,$73219.79,$16205.43,$14047.83
036 - CAROTID ARTERY STENT PROCEDURE W/O CC/MCC,3561,$53016.75,$12216.23,$10390.59
037 - EXTRACRANIAL PROCEDURES W MCC,4342,$101093.03,$23452.24,$20867.66
038 - EXTRACRANIAL PROCEDURES W CC,11634,$54012.55,$11449.45,$9647.13
039 - EXTRACRANIAL PROCEDURES W/O CC/MCC,29591,$37421.49,$7692.14,$6004.85
040 - PERIPH/CRANIAL NERVE & OTHER NERV SYST PROC W MCC,4796,$116275.78,$29860.39,$25929.58
041 - PERIPH/CRANIAL NERVE & OTHER NERV SYST PROC W CC OR PERIPH NEUROSTIM,6571,$66604.21,$16073.49,$13596.78
042 - PERIPH/CRANIAL NERVE & OTHER NERV SYST PROC W/O CC/MCC,2302,$61046.05,$14401.96,$11544.40
052 - SPINAL DISORDERS & INJURIES W CC/MCC,1270,$53399.00,$14278.02,$11816.78
053 - SPINAL DISORDERS & INJURIES W/O CC/MCC,355,$29581.36,$7667.23,$5762.98
054 - NERVOUS SYSTEM NEOPLASMS W MCC,12778,$45415.14,$10628.77,$8686.89
055 - NERVOUS SYSTEM NEOPLASMS W/O MCC,6089,$36531.87,$8322.19,$6541.10
056 - DEGENERATIVE NERVOUS SYSTEM DISORDERS W MCC,10275,$53299.84,$13886.80,$11888.75
057 - DEGENERATIVE NERVOUS SYSTEM DISORDERS W/O MCC,27666,$32861.91,$8499.72,$6876.31
058 - MULTIPLE SCLEROSIS & CEREBELLAR ATAXIA W MCC,976,$55759.00,$13660.67,$11161.43
059 - MULTIPLE SCLEROSIS & CEREBELLAR ATAXIA W CC,3174,$34252.16,$8963.54,$6718.87
060 - MULTIPLE SCLEROSIS & CEREBELLAR ATAXIA W/O CC/MCC,2963,$27780.95,$7155.52,$4946.79
061 - ACUTE ISCHEMIC STROKE W USE OF THROMBOLYTIC AGENT W MCC,4718,$95096.18,$20692.97,$18277.83
062 - ACUTE ISCHEMIC STROKE W USE OF THROMBOLYTIC AGENT W CC,7617,$68140.75,$13705.85,$11550.41
063 - ACUTE ISCHEMIC STROKE W USE OF THROMBOLYTIC AGENT W/O CC/MCC,2494,$59730.86,$11543.19,$9278.98
064 - INTRACRANIAL HEMORRHAGE OR CEREBRAL INFARCTION W MCC,77527,$56753.02,$13339.00,$11453.13
065 - INTRACRANIAL HEMORRHAGE OR CEREBRAL INFARCTION W CC OR TPA IN 24 HRS,104589,$35343.34,$7990.25,$6389.56
066 - INTRACRANIAL HEMORRHAGE OR CEREBRAL INFARCTION W/O CC/MCC,51311,$27729.48,$5956.42,$4358.64
067 - NONSPECIFIC CVA & PRECEREBRAL OCCLUSION W/O INFARCT W MCC,1036,$46057.90,$10810.06,$9375.22
068 - NONSPECIFIC CVA & PRECEREBRAL OCCLUSION W/O INFARCT W/O MCC,5066,$32148.76,$6578.04,$5125.59
069 - TRANSIENT ISCHEMIA,55928,$27549.88,$5442.49,$4077.07
070 - NONSPECIFIC CEREBROVASCULAR DISORDERS W MCC,15646,$49488.36,$12374.06,$10715.63
071 - NONSPECIFIC CEREBROVASCULAR DISORDERS W CC,17176,$31023.30,$7523.34,$6130.57
072 - NONSPECIFIC CEREBROVASCULAR DISORDERS W/O CC/MCC,4778,$26131.37,$5552.43,$4193.05
073 - CRANIAL & PERIPHERAL NERVE DISORDERS W MCC,8181,$41078.76,$10540.77,$8934.96
074 - CRANIAL & PERIPHERAL NERVE DISORDERS W/O MCC,22530,$30771.19,$7262.23,$5661.40
075 - VIRAL MENINGITIS W CC/MCC,1379,$56081.07,$12879.56,$10652.93
076 - VIRAL MENINGITIS W/O CC/MCC,457,$33180.60,$7380.83,$5031.00
077 - HYPERTENSIVE ENCEPHALOPATHY W MCC,2153,$50517.34,$12688.22,$10984.24
078 - HYPERTENSIVE ENCEPHALOPATHY W CC,3289,$32261.12,$7167.73,$5624.80
079 - HYPERTENSIVE ENCEPHALOPATHY W/O CC/MCC,684,$25308.30,$5446.20,$3950.37
080 - NONTRAUMATIC STUPOR & COMA W MCC,1184,$40395.53,$10565.65,$9042.08
081 - NONTRAUMATIC STUPOR & COMA W/O MCC,3216,$25449.73,$6537.72,$5237.35
"082 - TRAUMATIC STUPOR & COMA, COMA >1 HR W MCC",3458,$70255.15,$17087.15,$14428.94
"083 - TRAUMATIC STUPOR & COMA, COMA >1 HR W CC",2773,$45281.35,$10804.56,$8559.98
"084 - TRAUMATIC STUPOR & COMA, COMA >1 HR W/O CC/MCC",2177,$33417.65,$7929.17,$5844.82
"085 - TRAUMATIC STUPOR & COMA, COMA <1 HR W MCC",12908,$64095.28,$15562.53,$13502.82
"086 - TRAUMATIC STUPOR & COMA, COMA <1 HR W CC",17396,$37921.13,$8912.50,$7203.97
"087 - TRAUMATIC STUPOR & COMA, COMA <1 HR W/O CC/MCC",12786,$28205.51,$6420.33,$4768.73
088 - CONCUSSION W MCC,964,$49413.21,$12251.08,$10000.10
089 - CONCUSSION W CC,2227,$36073.33,$7856.01,$5934.61
090 - CONCUSSION W/O CC/MCC,1238,$29137.02,$6654.70,$4707.14
091 - OTHER DISORDERS OF NERVOUS SYSTEM W MCC,13611,$49073.68,$12254.87,$10520.46
092 - OTHER DISORDERS OF NERVOUS SYSTEM W CC,20295,$30138.39,$7042.25,$5624.20
093 - OTHER DISORDERS OF NERVOUS SYSTEM W/O CC/MCC,8556,$25483.32,$5721.08,$4267.76
094 - BACTERIAL & TUBERCULOUS INFECTIONS OF NERVOUS SYSTEM W MCC,1404,$111212.58,$27378.08,$23166.31
095 - BACTERIAL & TUBERCULOUS INFECTIONS OF NERVOUS SYSTEM W CC,1167,$76557.47,$18177.74,$15501.93
096 - BACTERIAL & TUBERCULOUS INFECTIONS OF NERVOUS SYSTEM W/O CC/MCC,474,$72470.42,$17196.45,$13144.89
097 - NON-BACTERIAL INFECT OF NERVOUS SYS EXC VIRAL MENINGITIS W MCC,1480,$100738.55,$25650.82,$22171.87
098 - NON-BACTERIAL INFECT OF NERVOUS SYS EXC VIRAL MENINGITIS W CC,1056,$61388.50,$14778.61,$11687.21
099 - NON-BACTERIAL INFECT OF NERVOUS SYS EXC VIRAL MENINGITIS W/O CC/MCC,384,$46394.48,$10140.67,$7884.36
100 - SEIZURES W MCC,24770,$51279.31,$12154.23,$10401.25
101 - SEIZURES W/O MCC,43856,$27984.33,$6556.43,$4986.89
102 - HEADACHES W MCC,1351,$37008.40,$8323.62,$6556.07
103 - HEADACHES W/O MCC,9969,$26987.88,$6094.53,$4116.47
113 - ORBITAL PROCEDURES W CC/MCC,628,$74379.65,$19852.04,$15010.63
114 - ORBITAL PROCEDURES W/O CC/MCC,235,$46438.53,$10800.60,$8549.95
115 - EXTRAOCULAR PROCEDURES EXCEPT ORBIT,636,$48805.97,$11818.71,$9367.18
116 - INTRAOCULAR PROCEDURES W CC/MCC,350,$55298.57,$14029.51,$11077.73
117 - INTRAOCULAR PROCEDURES W/O CC/MCC,192,$30656.01,$8572.97,$6684.66
121 - ACUTE MAJOR EYE INFECTIONS W CC/MCC,542,$32430.73,$9619.52,$7489.62
122 - ACUTE MAJOR EYE INFECTIONS W/O CC/MCC,215,$18871.98,$6026.74,$4192.31
123 - NEUROLOGICAL EYE DISORDERS,2550,$28964.30,$6024.10,$4243.66
124 - OTHER DISORDERS OF THE EYE W MCC,877,$39046.03,$9566.35,$7731.09
125 - OTHER DISORDERS OF THE EYE W/O MCC,3238,$25627.31,$6102.11,$4548.68
129 - MAJOR HEAD & NECK PROCEDURES W CC/MCC OR MAJOR DEVICE,1510,$88222.62,$22040.30,$18040.64
130 - MAJOR HEAD & NECK PROCEDURES W/O CC/MCC,952,$56988.23,$11659.31,$8886.45
131 - CRANIAL/FACIAL PROCEDURES W CC/MCC,1207,$91192.04,$21639.29,$18293.29
132 - CRANIAL/FACIAL PROCEDURES W/O CC/MCC,588,$55256.22,$13088.16,$10554.67
"133 - OTHER EAR, NOSE, MOUTH & THROAT O.R. PROCEDURES W CC/MCC",2249,$67232.54,$16642.61,$13698.62
"134 - OTHER EAR, NOSE, MOUTH & THROAT O.R. PROCEDURES W/O CC/MCC",1362,$39966.02,$10218.87,$7025.76
135 - SINUS & MASTOID PROCEDURES W CC/MCC,347,$71056.69,$16394.29,$13496.88
136 - SINUS & MASTOID PROCEDURES W/O CC/MCC,168,$43041.11,$9901.09,$7566.68
137 - MOUTH PROCEDURES W CC/MCC,911,$46514.21,$11798.77,$9714.37
138 - MOUTH PROCEDURES W/O CC/MCC,459,$30453.30,$7454.81,$5424.18
139 - SALIVARY GLAND PROCEDURES,436,$39397.61,$8902.78,$6879.17
"146 - EAR, NOSE, MOUTH & THROAT MALIGNANCY W MCC",800,$66030.89,$17427.95,$14977.73
"147 - EAR, NOSE, MOUTH & THROAT MALIGNANCY W CC",978,$41628.57,$10711.67,$8833.91
"148 - EAR, NOSE, MOUTH & THROAT MALIGNANCY W/O CC/MCC",279,$31539.42,$7191.89,$5673.97
149 - DYSEQUILIBRIUM,18355,$24771.63,$5232.96,$3781.96
150 - EPISTAXIS W MCC,1300,$40475.16,$10319.85,$9008.48
151 - EPISTAXIS W/O MCC,3790,$20841.03,$5482.78,$4240.82
152 - OTITIS MEDIA & URI W MCC,8950,$30398.32,$7869.82,$6356.32
153 - OTITIS MEDIA & URI W/O MCC,24424,$21497.67,$5459.62,$4012.00
"154 - OTHER EAR, NOSE, MOUTH & THROAT DIAGNOSES W MCC",2182,$45471.09,$10951.43,$9459.18
"155 - OTHER EAR, NOSE, MOUTH & THROAT DIAGNOSES W CC",4761,$29050.52,$7176.79,$5676.61
"156 - OTHER EAR, NOSE, MOUTH & THROAT DIAGNOSES W/O CC/MCC",1997,$22192.80,$5657.87,$4114.64
157 - DENTAL & ORAL DISEASES W MCC,1602,$49155.17,$13313.62,$11070.06
158 - DENTAL & ORAL DISEASES W CC,3031,$27694.63,$7313.09,$5594.94
159 - DENTAL & ORAL DISEASES W/O CC/MCC,947,$21457.31,$5438.68,$3864.88
163 - MAJOR CHEST PROCEDURES W MCC,11014,$153489.71,$37132.32,$32964.49
164 - MAJOR CHEST PROCEDURES W CC,16588,$83421.73,$19730.05,$16652.66
165 - MAJOR CHEST PROCEDURES W/O CC/MCC,9924,$60783.14,$14423.15,$11683.89
166 - OTHER RESP SYSTEM O.R. PROCEDURES W MCC,17846,$108270.54,$26886.04,$23796.92
167 - OTHER RESP SYSTEM O.R. PROCEDURES W CC,11636,$62423.88,$14675.84,$12376.39
168 - OTHER RESP SYSTEM O.R. PROCEDURES W/O CC/MCC,2472,$44485.30,$10132.45,$8134.49
175 - PULMONARY EMBOLISM W MCC,20787,$44909.72,$10925.90,$9235.39
176 - PULMONARY EMBOLISM W/O MCC,36141,$29283.20,$7283.90,$5702.18
881 - DEPRESSIVE NEUROSES,4586,$15180.48,$5425.58,$4259.13
177 - RESPIRATORY INFECTIONS & INFLAMMATIONS W MCC,72755,$53942.69,$13452.60,$11953.37
178 - RESPIRATORY INFECTIONS & INFLAMMATIONS W CC,42059,$38460.77,$9892.41,$8477.20
179 - RESPIRATORY INFECTIONS & INFLAMMATIONS W/O CC/MCC,9435,$27615.07,$7129.91,$5776.10
180 - RESPIRATORY NEOPLASMS W MCC,19304,$54677.90,$12906.32,$10991.04
181 - RESPIRATORY NEOPLASMS W CC,14942,$38788.75,$9502.11,$7472.81
182 - RESPIRATORY NEOPLASMS W/O CC/MCC,1244,$28982.72,$6451.55,$4964.53
183 - MAJOR CHEST TRAUMA W MCC,3885,$47962.26,$12017.77,$9689.41
184 - MAJOR CHEST TRAUMA W CC,7272,$33669.33,$8433.20,$5952.51
185 - MAJOR CHEST TRAUMA W/O CC/MCC,2193,$25494.14,$6129.99,$3782.13
186 - PLEURAL EFFUSION W MCC,10791,$46687.57,$11155.19,$9767.60
187 - PLEURAL EFFUSION W CC,8418,$33410.48,$8008.85,$6712.66
188 - PLEURAL EFFUSION W/O CC/MCC,1953,$25152.76,$5818.95,$4759.02
189 - PULMONARY EDEMA & RESPIRATORY FAILURE,134673,$36670.72,$9084.06,$7713.90
190 - CHRONIC OBSTRUCTIVE PULMONARY DISEASE W MCC,144724,$34169.75,$8434.87,$7061.06
191 - CHRONIC OBSTRUCTIVE PULMONARY DISEASE W CC,115099,$27617.60,$6920.23,$5611.02
192 - CHRONIC OBSTRUCTIVE PULMONARY DISEASE W/O CC/MCC,64976,$21768.54,$5459.04,$4133.73
193 - SIMPLE PNEUMONIA & PLEURISY W MCC,147394,$40802.42,$10150.15,$8697.77
194 - SIMPLE PNEUMONIA & PLEURISY W CC,150862,$28351.83,$7140.04,$5740.80
195 - SIMPLE PNEUMONIA & PLEURISY W/O CC/MCC,55244,$21242.18,$5304.73,$3926.13
196 - INTERSTITIAL LUNG DISEASE W MCC,7586,$48933.35,$12436.45,$10628.01
197 - INTERSTITIAL LUNG DISEASE W CC,4064,$33413.13,$8361.40,$6699.15
198 - INTERSTITIAL LUNG DISEASE W/O CC/MCC,1394,$26084.61,$6653.77,$5148.01
199 - PNEUMOTHORAX W MCC,4899,$54238.47,$13554.84,$11595.32
200 - PNEUMOTHORAX W CC,8520,$32732.20,$7979.71,$6129.71
201 - PNEUMOTHORAX W/O CC/MCC,2279,$22447.04,$5738.34,$4094.59
202 - BRONCHITIS & ASTHMA W CC/MCC,35379,$27592.96,$6831.44,$5317.35
203 - BRONCHITIS & ASTHMA W/O CC/MCC,15682,$20758.71,$5285.31,$3790.11
204 - RESPIRATORY SIGNS & SYMPTOMS,13487,$25439.81,$5887.39,$4512.29
205 - OTHER RESPIRATORY SYSTEM DIAGNOSES W MCC,7772,$47588.17,$11961.91,$9678.21
206 - OTHER RESPIRATORY SYSTEM DIAGNOSES W/O MCC,13419,$28350.07,$6665.29,$5128.36
207 - RESPIRATORY SYSTEM DIAGNOSIS W VENTILATOR SUPPORT 96+ HOURS,26192,$161931.14,$38385.60,$34609.07
208 - RESPIRATORY SYSTEM DIAGNOSIS W VENTILATOR SUPPORT <96 HOURS,64339,$73044.65,$16764.39,$14855.44
215 - OTHER HEART ASSIST SYSTEM IMPLANT,266,$517048.32,$145003.28,$123599.87
216 - CARDIAC VALVE & OTH MAJ CARDIOTHORACIC PROC W CARD CATH W MCC,9415,$310781.54,$73521.66,$66791.45
217 - CARDIAC VALVE & OTH MAJ CARDIOTHORACIC PROC W CARD CATH W CC,4265,$206533.65,$48269.72,$42270.49
218 - CARDIAC VALVE & OTH MAJ CARDIOTHORACIC PROC W CARD CATH W/O CC/MCC,596,$182595.18,$40204.62,$35549.15
219 - CARDIAC VALVE & OTH MAJ CARDIOTHORACIC PROC W/O CARD CATH W MCC,17349,$250060.41,$61080.19,$55126.10
220 - CARDIAC VALVE & OTH MAJ CARDIOTHORACIC PROC W/O CARD CATH W CC,19979,$166954.57,$39131.66,$34400.60
221 - CARDIAC VALVE & OTH MAJ CARDIOTHORACIC PROC W/O CARD CATH W/O CC/MCC,3927,$144451.67,$33994.89,$29230.18
222 - CARDIAC DEFIB IMPLANT W CARDIAC CATH W AMI/HF/SHOCK W MCC,1616,$263440.11,$65893.85,$59656.10
223 - CARDIAC DEFIB IMPLANT W CARDIAC CATH W AMI/HF/SHOCK W/O MCC,1150,$199856.23,$46390.85,$41586.00
224 - CARDIAC DEFIB IMPLANT W CARDIAC CATH W/O AMI/HF/SHOCK W MCC,2267,$237308.78,$58453.55,$52064.14
225 - CARDIAC DEFIB IMPLANT W CARDIAC CATH W/O AMI/HF/SHOCK W/O MCC,2249,$175545.95,$42070.56,$36965.14
226 - CARDIAC DEFIBRILLATOR IMPLANT W/O CARDIAC CATH W MCC,4800,$205530.63,$50929.42,$47055.18
227 - CARDIAC DEFIBRILLATOR IMPLANT W/O CARDIAC CATH W/O MCC,8330,$160299.96,$39464.19,$35598.83
228 - OTHER CARDIOTHORACIC PROCEDURES W MCC,1642,$235816.50,$57701.28,$50703.82
229 - OTHER CARDIOTHORACIC PROCEDURES W CC,2006,$154667.66,$33521.95,$28717.54
230 - OTHER CARDIOTHORACIC PROCEDURES W/O CC/MCC,536,$140611.74,$30238.81,$25012.70
231 - CORONARY BYPASS W PTCA W MCC,1099,$275756.13,$58272.50,$52071.73
232 - CORONARY BYPASS W PTCA W/O MCC,889,$201742.84,$41559.42,$35399.37
233 - CORONARY BYPASS W CARDIAC CATH W MCC,12722,$235361.97,$51415.90,$45518.62
234 - CORONARY BYPASS W CARDIAC CATH W/O MCC,17670,$160979.78,$33999.56,$28725.69
235 - CORONARY BYPASS W/O CARDIAC CATH W MCC,9514,$183573.23,$42035.97,$36981.10
236 - CORONARY BYPASS W/O CARDIAC CATH W/O MCC,19980,$125046.06,$27304.57,$23143.08
237 - MAJOR CARDIOVASC PROCEDURES W MCC,19602,$165325.21,$40149.33,$35891.08
238 - MAJOR CARDIOVASC PROCEDURES W/O MCC,34136,$104420.80,$25072.68,$22079.86
239 - AMPUTATION FOR CIRC SYS DISORDERS EXC UPPER LIMB & TOE W MCC,8976,$130558.41,$33131.27,$29839.27
240 - AMPUTATION FOR CIRC SYS DISORDERS EXC UPPER LIMB & TOE W CC,8164,$76118.22,$18999.51,$17056.84
241 - AMPUTATION FOR CIRC SYS DISORDERS EXC UPPER LIMB & TOE W/O CC/MCC,923,$41860.55,$10084.86,$8631.73
242 - PERMANENT CARDIAC PACEMAKER IMPLANT W MCC,17801,$108726.93,$26137.47,$23939.91
243 - PERMANENT CARDIAC PACEMAKER IMPLANT W CC,26574,$78764.99,$18753.28,$16749.13
244 - PERMANENT CARDIAC PACEMAKER IMPLANT W/O CC/MCC,19210,$63845.59,$15038.88,$13097.09
245 - AICD GENERATOR PROCEDURES,1576,$144237.67,$33953.61,$31370.63
246 - PERC CARDIOVASC PROC W DRUG-ELUTING STENT W MCC OR 4+ VESSELS/STENTS,35779,$116415.47,$24099.25,$21199.56
247 - PERC CARDIOVASC PROC W DRUG-ELUTING STENT W/O MCC,85181,$80034.94,$15196.54,$12301.25
248 - PERC CARDIOVASC PROC W NON-DRUG-ELUTING STENT W MCC OR 4+ VES/STENTS,8714,$107709.89,$21906.56,$19575.62
249 - PERC CARDIOVASC PROC W NON-DRUG-ELUTING STENT W/O MCC,13928,$73503.14,$13358.02,$11167.78
250 - PERC CARDIOVASC PROC W/O CORONARY ARTERY STENT W MCC,10851,$118895.78,$24607.29,$21686.42
251 - PERC CARDIOVASC PROC W/O CORONARY ARTERY STENT W/O MCC,22016,$89891.57,$16290.33,$13664.43
252 - OTHER VASCULAR PROCEDURES W MCC,31975,$105645.63,$25316.29,$23028.50
253 - OTHER VASCULAR PROCEDURES W CC,35318,$84726.31,$19090.90,$16777.62
254 - OTHER VASCULAR PROCEDURES W/O CC/MCC,14986,$57313.05,$12816.13,$10711.38
255 - UPPER LIMB & TOE AMPUTATION FOR CIRC SYSTEM DISORDERS W MCC,2250,$76202.04,$19185.00,$17065.52
256 - UPPER LIMB & TOE AMPUTATION FOR CIRC SYSTEM DISORDERS W CC,2794,$49035.32,$12369.97,$10522.58
257 - UPPER LIMB & TOE AMPUTATION FOR CIRC SYSTEM DISORDERS W/O CC/MCC,192,$33865.99,$8252.98,$6936.74
258 - CARDIAC PACEMAKER DEVICE REPLACEMENT W MCC,646,$92074.33,$19986.41,$18331.10
259 - CARDIAC PACEMAKER DEVICE REPLACEMENT W/O MCC,1875,$61133.03,$14369.57,$12636.74
260 - CARDIAC PACEMAKER REVISION EXCEPT DEVICE REPLACEMENT W MCC,2110,$120084.75,$29877.59,$26295.43
261 - CARDIAC PACEMAKER REVISION EXCEPT DEVICE REPLACEMENT W CC,3352,$62207.52,$14185.16,$12109.05
262 - CARDIAC PACEMAKER REVISION EXCEPT DEVICE REPLACEMENT W/O CC/MCC,1584,$50149.75,$10221.76,$8501.59
263 - VEIN LIGATION & STRIPPING,297,$62630.66,$15215.81,$12322.37
264 - OTHER CIRCULATORY SYSTEM O.R. PROCEDURES,15172,$88297.56,$21738.62,$19390.16
265 - AICD LEAD PROCEDURES,652,$98972.45,$22330.24,$19743.99
266 - ENDOVASCULAR CARDIAC VALVE REPLACEMENT W MCC,8548,$249497.60,$65205.01,$62262.16
267 - ENDOVASCULAR CARDIAC VALVE REPLACEMENT W/O MCC,9921,$192949.51,$49422.08,$47049.84
"280 - ACUTE MYOCARDIAL INFARCTION, DISCHARGED ALIVE W MCC",68246,$51582.95,$12307.28,$10756.52
"281 - ACUTE MYOCARDIAL INFARCTION, DISCHARGED ALIVE W CC",44144,$33759.41,$7621.80,$6187.10
"282 - ACUTE MYOCARDIAL INFARCTION, DISCHARGED ALIVE W/O CC/MCC",23792,$27268.61,$5838.19,$4438.44
"283 - ACUTE MYOCARDIAL INFARCTION, EXPIRED W MCC",10250,$57359.38,$13144.68,$11644.89
"284 - ACUTE MYOCARDIAL INFARCTION, EXPIRED W CC",1801,$26006.02,$6011.74,$4846.78
"285 - ACUTE MYOCARDIAL INFARCTION, EXPIRED W/O CC/MCC",567,$18641.29,$4137.41,$2944.62
"286 - CIRCULATORY DISORDERS EXCEPT AMI, W CARD CATH W MCC",30788,$75233.17,$16866.97,$14321.51
"287 - CIRCULATORY DISORDERS EXCEPT AMI, W CARD CATH W/O MCC",78725,$43910.88,$8658.11,$6756.38
288 - ACUTE & SUBACUTE ENDOCARDITIS W MCC,1622,$81004.93,$20336.52,$17949.41
289 - ACUTE & SUBACUTE ENDOCARDITIS W CC,800,$46129.48,$12467.31,$10301.27
290 - ACUTE & SUBACUTE ENDOCARDITIS W/O CC/MCC,114,$36967.95,$9776.72,$7440.55
291 - HEART FAILURE & SHOCK W MCC,224001,$43253.30,$10856.99,$9539.40
292 - HEART FAILURE & SHOCK W CC,195120,$28263.30,$7409.84,$6142.66
293 - HEART FAILURE & SHOCK W/O CC/MCC,60200,$20123.36,$5254.00,$4096.72
294 - DEEP VEIN THROMBOPHLEBITIS W CC/MCC,456,$34028.97,$8181.27,$6608.99
295 - DEEP VEIN THROMBOPHLEBITIS W/O CC/MCC,70,$18464.21,$4876.41,$3710.56
"296 - CARDIAC ARREST, UNEXPLAINED W MCC",3258,$49068.48,$9905.38,$8457.95
"297 - CARDIAC ARREST, UNEXPLAINED W CC",530,$20871.57,$5416.67,$4361.79
"298 - CARDIAC ARREST, UNEXPLAINED W/O CC/MCC",309,$15318.94,$3982.46,$3041.71
299 - PERIPHERAL VASCULAR DISORDERS W MCC,19442,$42539.48,$10876.73,$9237.77
300 - PERIPHERAL VASCULAR DISORDERS W CC,35078,$29607.55,$7584.46,$6174.99
301 - PERIPHERAL VASCULAR DISORDERS W/O CC/MCC,13266,$21662.12,$5428.95,$4119.22
302 - ATHEROSCLEROSIS W MCC,4156,$32830.93,$8174.55,$7018.71
303 - ATHEROSCLEROSIS W/O MCC,16052,$21921.13,$5039.27,$3848.55
304 - HYPERTENSION W MCC,3916,$33091.92,$7753.42,$6266.36
305 - HYPERTENSION W/O MCC,23611,$23054.58,$5108.87,$3718.59
306 - CARDIAC CONGENITAL & VALVULAR DISORDERS W MCC,3363,$44279.73,$11820.37,$10229.64
307 - CARDIAC CONGENITAL & VALVULAR DISORDERS W/O MCC,4053,$26637.65,$6597.39,$5245.41
308 - CARDIAC ARRHYTHMIA & CONDUCTION DISORDERS W MCC,75757,$36792.13,$9013.33,$7604.70
309 - CARDIAC ARRHYTHMIA & CONDUCTION DISORDERS W CC,95656,$24660.30,$6051.59,$4724.63
310 - CARDIAC ARRHYTHMIA & CONDUCTION DISORDERS W/O CC/MCC,76466,$18389.54,$4402.15,$2972.03
311 - ANGINA PECTORIS,6903,$22286.51,$4873.69,$3649.26
312 - SYNCOPE & COLLAPSE,82814,$26652.89,$5990.58,$4680.25
313 - CHEST PAIN,63054,$23946.40,$5123.35,$3871.76
314 - OTHER CIRCULATORY SYSTEM DIAGNOSES W MCC,46800,$58809.00,$14972.50,$12995.68
315 - OTHER CIRCULATORY SYSTEM DIAGNOSES W CC,22428,$31144.71,$7778.00,$6273.16
316 - OTHER CIRCULATORY SYSTEM DIAGNOSES W/O CC/MCC,5028,$23055.23,$5314.23,$3909.21
"326 - STOMACH, ESOPHAGEAL & DUODENAL PROC W MCC",10341,$167389.94,$42053.30,$37383.49
"327 - STOMACH, ESOPHAGEAL & DUODENAL PROC W CC",9886,$85226.29,$21001.28,$17477.47
"328 - STOMACH, ESOPHAGEAL & DUODENAL PROC W/O CC/MCC",9373,$51774.91,$11834.74,$9220.64
329 - MAJOR SMALL & LARGE BOWEL PROCEDURES W MCC,37075,$148328.85,$36843.56,$33157.23
330 - MAJOR SMALL & LARGE BOWEL PROCEDURES W CC,49831,$78130.10,$18578.38,$15665.54
331 - MAJOR SMALL & LARGE BOWEL PROCEDURES W/O CC/MCC,23296,$52448.21,$12325.54,$9806.65
332 - RECTAL RESECTION W MCC,1110,$149285.29,$34712.81,$31504.18
333 - RECTAL RESECTION W CC,3806,$78707.59,$18291.69,$15479.32
334 - RECTAL RESECTION W/O CC/MCC,2808,$51628.93,$12046.65,$9674.77
335 - PERITONEAL ADHESIOLYSIS W MCC,6412,$124391.22,$30876.59,$27603.06
336 - PERITONEAL ADHESIOLYSIS W CC,12145,$72418.49,$17304.07,$14559.51
337 - PERITONEAL ADHESIOLYSIS W/O CC/MCC,6222,$51902.91,$12008.40,$9425.92
338 - APPENDECTOMY W COMPLICATED PRINCIPAL DIAG W MCC,994,$93448.81,$22900.02,$19801.25
339 - APPENDECTOMY W COMPLICATED PRINCIPAL DIAG W CC,2937,$55395.97,$12776.50,$10280.62
340 - APPENDECTOMY W COMPLICATED PRINCIPAL DIAG W/O CC/MCC,2727,$41031.13,$9280.36,$6812.29
341 - APPENDECTOMY W/O COMPLICATED PRINCIPAL DIAG W MCC,790,$74101.95,$16866.02,$14698.73
342 - APPENDECTOMY W/O COMPLICATED PRINCIPAL DIAG W CC,2277,$46734.68,$9772.22,$7702.53
343 - APPENDECTOMY W/O COMPLICATED PRINCIPAL DIAG W/O CC/MCC,3398,$37127.34,$7242.77,$5272.64
344 - MINOR SMALL & LARGE BOWEL PROCEDURES W MCC,949,$99231.99,$26187.93,$23556.02
345 - MINOR SMALL & LARGE BOWEL PROCEDURES W CC,3387,$51713.73,$13390.71,$10929.07
346 - MINOR SMALL & LARGE BOWEL PROCEDURES W/O CC/MCC,2700,$38526.01,$9244.07,$7220.32
347 - ANAL & STOMAL PROCEDURES W MCC,1435,$78588.31,$20363.90,$17695.12
348 - ANAL & STOMAL PROCEDURES W CC,3713,$46412.03,$10785.33,$8725.08
349 - ANAL & STOMAL PROCEDURES W/O CC/MCC,2011,$31805.96,$7237.71,$5388.82
350 - INGUINAL & FEMORAL HERNIA PROCEDURES W MCC,1451,$79257.13,$18467.90,$16583.61
351 - INGUINAL & FEMORAL HERNIA PROCEDURES W CC,3631,$47416.36,$10448.82,$8736.92
352 - INGUINAL & FEMORAL HERNIA PROCEDURES W/O CC/MCC,3242,$34920.83,$7229.83,$5528.55
353 - HERNIA PROCEDURES EXCEPT INGUINAL & FEMORAL W MCC,3087,$91148.89,$22209.70,$19290.50
354 - HERNIA PROCEDURES EXCEPT INGUINAL & FEMORAL W CC,8229,$53654.59,$12954.58,$10435.02
355 - HERNIA PROCEDURES EXCEPT INGUINAL & FEMORAL W/O CC/MCC,7130,$41116.64,$9737.45,$7456.93
356 - OTHER DIGESTIVE SYSTEM O.R. PROCEDURES W MCC,7006,$116518.77,$29544.14,$26277.34
357 - OTHER DIGESTIVE SYSTEM O.R. PROCEDURES W CC,6518,$65943.07,$15839.68,$13457.68
358 - OTHER DIGESTIVE SYSTEM O.R. PROCEDURES W/O CC/MCC,1441,$45798.93,$10625.58,$8514.56
368 - MAJOR ESOPHAGEAL DISORDERS W MCC,3535,$58647.57,$14574.78,$12594.50
369 - MAJOR ESOPHAGEAL DISORDERS W CC,4629,$34008.53,$8074.70,$6553.61
370 - MAJOR ESOPHAGEAL DISORDERS W/O CC/MCC,905,$24945.54,$5716.04,$4314.14
371 - MAJOR GASTROINTESTINAL DISORDERS & PERITONEAL INFECTIONS W MCC,20424,$50714.41,$13553.35,$11913.52
372 - MAJOR GASTROINTESTINAL DISORDERS & PERITONEAL INFECTIONS W CC,32587,$31940.95,$8368.60,$7018.97
373 - MAJOR GASTROINTESTINAL DISORDERS & PERITONEAL INFECTIONS W/O CC/MCC,9078,$23458.33,$6012.72,$4786.60
374 - DIGESTIVE MALIGNANCY W MCC,8841,$63942.71,$16342.74,$13940.00
375 - DIGESTIVE MALIGNANCY W CC,14144,$39951.54,$9819.37,$8006.57
376 - DIGESTIVE MALIGNANCY W/O CC/MCC,1356,$29610.55,$7176.43,$5568.83
377 - G.I. HEMORRHAGE W MCC,61354,$53538.08,$13101.35,$11609.39
378 - G.I. HEMORRHAGE W CC,141062,$30873.57,$7456.64,$6071.92
379 - G.I. HEMORRHAGE W/O CC/MCC,26916,$21450.03,$5361.65,$3978.73
380 - COMPLICATED PEPTIC ULCER W MCC,3051,$63746.73,$14982.17,$12953.89
381 - COMPLICATED PEPTIC ULCER W CC,5147,$34712.55,$8220.78,$6694.50
382 - COMPLICATED PEPTIC ULCER W/O CC/MCC,1501,$26225.39,$5964.69,$4349.95
383 - UNCOMPLICATED PEPTIC ULCER W MCC,1150,$42773.50,$10081.30,$8574.51
384 - UNCOMPLICATED PEPTIC ULCER W/O MCC,5144,$30084.02,$6457.49,$5061.21
385 - INFLAMMATORY BOWEL DISEASE W MCC,2212,$51681.38,$13956.03,$11693.06
386 - INFLAMMATORY BOWEL DISEASE W CC,8917,$31555.36,$7915.15,$6123.91
387 - INFLAMMATORY BOWEL DISEASE W/O CC/MCC,3331,$24880.88,$6007.32,$4419.68
388 - G.I. OBSTRUCTION W MCC,18687,$47198.35,$11935.32,$10268.25
389 - G.I. OBSTRUCTION W CC,52897,$27448.89,$6671.93,$5224.16
390 - G.I. OBSTRUCTION W/O CC/MCC,34966,$20210.27,$4905.86,$3354.21
"391 - ESOPHAGITIS, GASTROENT & MISC DIGEST DISORDERS W MCC",46885,$38379.44,$9400.90,$7871.05
"392 - ESOPHAGITIS, GASTROENT & MISC DIGEST DISORDERS W/O MCC",184986,$25197.60,$5840.29,$4400.05
393 - OTHER DIGESTIVE SYSTEM DIAGNOSES W MCC,22953,$53317.06,$13565.23,$11768.07
394 - OTHER DIGESTIVE SYSTEM DIAGNOSES W CC,43319,$30472.75,$7470.23,$6012.47
395 - OTHER DIGESTIVE SYSTEM DIAGNOSES W/O CC/MCC,13520,$22821.08,$5400.61,$3945.23
"405 - PANCREAS, LIVER & SHUNT PROCEDURES W MCC",4292,$184154.06,$48451.20,$41995.08
"406 - PANCREAS, LIVER & SHUNT PROCEDURES W CC",5192,$98399.94,$24827.13,$20231.58
"407 - PANCREAS, LIVER & SHUNT PROCEDURES W/O CC/MCC",1927,$73247.85,$17561.98,$13730.53
408 - BILIARY TRACT PROC EXCEPT ONLY CHOLECYST W OR W/O C.D.E. W MCC,972,$134515.66,$34150.33,$30014.76
409 - BILIARY TRACT PROC EXCEPT ONLY CHOLECYST W OR W/O C.D.E. W CC,854,$73191.05,$17409.42,$14934.57
410 - BILIARY TRACT PROC EXCEPT ONLY CHOLECYST W OR W/O C.D.E. W/O CC/MCC,290,$56900.82,$13542.34,$10920.08
411 - CHOLECYSTECTOMY W C.D.E. W MCC,310,$117649.89,$26843.41,$23781.81
412 - CHOLECYSTECTOMY W C.D.E. W CC,331,$77315.77,$16749.80,$14661.90
413 - CHOLECYSTECTOMY W C.D.E. W/O CC/MCC,194,$59074.57,$12181.07,$10358.64
414 - CHOLECYSTECTOMY EXCEPT BY LAPAROSCOPE W/O C.D.E. W MCC,2629,$109735.28,$26091.13,$23057.21
415 - CHOLECYSTECTOMY EXCEPT BY LAPAROSCOPE W/O C.D.E. W CC,3344,$65526.09,$15127.69,$12476.94
416 - CHOLECYSTECTOMY EXCEPT BY LAPAROSCOPE W/O C.D.E. W/O CC/MCC,2052,$44193.65,$10283.56,$8121.47
417 - LAPAROSCOPIC CHOLECYSTECTOMY W/O C.D.E. W MCC,15748,$80136.62,$17623.66,$15442.49
418 - LAPAROSCOPIC CHOLECYSTECTOMY W/O C.D.E. W CC,23524,$56109.32,$11926.23,$9787.71
419 - LAPAROSCOPIC CHOLECYSTECTOMY W/O C.D.E. W/O CC/MCC,17793,$44359.76,$9031.21,$7042.20
420 - HEPATOBILIARY DIAGNOSTIC PROCEDURES W MCC,591,$118147.41,$30501.55,$25773.72
421 - HEPATOBILIARY DIAGNOSTIC PROCEDURES W CC,669,$59608.18,$14540.75,$12009.29
422 - HEPATOBILIARY DIAGNOSTIC PROCEDURES W/O CC/MCC,156,$50557.90,$11253.76,$8031.79
423 - OTHER HEPATOBILIARY OR PANCREAS O.R. PROCEDURES W MCC,1301,$141743.73,$38981.20,$33101.60
424 - OTHER HEPATOBILIARY OR PANCREAS O.R. PROCEDURES W CC,590,$77546.56,$18917.88,$15913.72
425 - OTHER HEPATOBILIARY OR PANCREAS O.R. PROCEDURES W/O CC/MCC,72,$57642.51,$13369.42,$9290.99
432 - CIRRHOSIS & ALCOHOLIC HEPATITIS W MCC,12629,$54488.17,$13597.47,$11608.39
433 - CIRRHOSIS & ALCOHOLIC HEPATITIS W CC,7607,$30313.05,$7404.43,$6027.08
434 - CIRRHOSIS & ALCOHOLIC HEPATITIS W/O CC/MCC,195,$21126.26,$5568.62,$4205.31
435 - MALIGNANCY OF HEPATOBILIARY SYSTEM OR PANCREAS W MCC,12988,$57639.69,$14123.29,$11802.05
436 - MALIGNANCY OF HEPATOBILIARY SYSTEM OR PANCREAS W CC,9231,$38497.01,$9218.86,$7477.37
437 - MALIGNANCY OF HEPATOBILIARY SYSTEM OR PANCREAS W/O CC/MCC,1142,$32841.05,$7253.28,$5789.56
438 - DISORDERS OF PANCREAS EXCEPT MALIGNANCY W MCC,14410,$53457.42,$13730.16,$11559.55
439 - DISORDERS OF PANCREAS EXCEPT MALIGNANCY W CC,28329,$29046.77,$7158.33,$5522.52
440 - DISORDERS OF PANCREAS EXCEPT MALIGNANCY W/O CC/MCC,16823,$21821.27,$5167.71,$3637.51
"441 - DISORDERS OF LIVER EXCEPT MALIG,CIRR,ALC HEPA W MCC",21369,$59777.28,$15678.94,$13316.23
"442 - DISORDERS OF LIVER EXCEPT MALIG,CIRR,ALC HEPA W CC",20951,$29461.62,$7629.57,$6166.63
"443 - DISORDERS OF LIVER EXCEPT MALIG,CIRR,ALC HEPA W/O CC/MCC",3785,$22580.08,$5623.42,$4298.00
444 - DISORDERS OF THE BILIARY TRACT W MCC,11929,$52627.59,$12741.33,$10829.88
445 - DISORDERS OF THE BILIARY TRACT W CC,17582,$35586.36,$8302.01,$6740.82
446 - DISORDERS OF THE BILIARY TRACT W/O CC/MCC,8129,$27603.52,$6064.62,$4609.57
453 - COMBINED ANTERIOR/POSTERIOR SPINAL FUSION W MCC,1646,$326414.89,$86040.82,$78818.26
454 - COMBINED ANTERIOR/POSTERIOR SPINAL FUSION W CC,5353,$235885.16,$61552.76,$53822.26
455 - COMBINED ANTERIOR/POSTERIOR SPINAL FUSION W/O CC/MCC,4967,$174046.12,$44914.40,$38573.88
456 - SPINAL FUS EXC CERV W SPINAL CURV/MALIG/INFEC OR 9+ FUS W MCC,1439,$305341.40,$78698.63,$71105.74
457 - SPINAL FUS EXC CERV W SPINAL CURV/MALIG/INFEC OR EXT FUS W CC,4014,$209876.85,$55988.59,$49387.85
458 - SPINAL FUS EXC CERV W SPINAL CURV/MALIG/INFEC OR 9+ FUS W/O CC/MCC,1697,$148563.82,$39885.69,$34355.38
459 - SPINAL FUSION EXCEPT CERVICAL W MCC,4828,$180288.92,$47243.73,$41644.62
460 - SPINAL FUSION EXCEPT CERVICAL W/O MCC,77245,$108766.64,$28629.01,$24252.39
461 - BILATERAL OR MULTIPLE MAJOR JOINT PROCS OF LOWER EXTREMITY W MCC,365,$149369.85,$38404.05,$33640.22
462 - BILATERAL OR MULTIPLE MAJOR JOINT PROCS OF LOWER EXTREMITY W/O MCC,9255,$90231.73,$25337.54,$20263.38
"463 - WND DEBRID & SKN GRFT EXC HAND, FOR MUSCULO-CONN TISS DIS W MCC",4896,$150820.64,$39514.71,$35143.85
"464 - WND DEBRID & SKN GRFT EXC HAND, FOR MUSCULO-CONN TISS DIS W CC",8580,$89576.49,$22103.05,$19015.02
"465 - WND DEBRID & SKN GRFT EXC HAND, FOR MUSCULO-CONN TISS DIS W/O CC/MCC",2091,$64096.19,$15657.49,$13041.62
466 - REVISION OF HIP OR KNEE REPLACEMENT W MCC,4248,$136015.33,$34986.42,$32061.26
467 - REVISION OF HIP OR KNEE REPLACEMENT W CC,21856,$96009.12,$24246.18,$21116.76
468 - REVISION OF HIP OR KNEE REPLACEMENT W/O CC/MCC,17948,$77489.71,$19905.44,$16609.82
469 - MAJOR JOINT REPLACEMENT OR REATTACHMENT OF LOWER EXTREMITY W MCC,26720,$90800.49,$22253.03,$20073.34
470 - MAJOR JOINT REPLACEMENT OR REATTACHMENT OF LOWER EXTREMITY W/O MCC,465229,$57391.44,$14877.51,$12010.66
471 - CERVICAL SPINAL FUSION W MCC,3618,$149275.51,$37676.41,$33820.15
472 - CERVICAL SPINAL FUSION W CC,13031,$86505.12,$21656.92,$18262.20
473 - CERVICAL SPINAL FUSION W/O CC/MCC,30222,$66545.18,$16031.07,$13162.45
474 - AMPUTATION FOR MUSCULOSKELETAL SYS & CONN TISSUE DIS W MCC,3346,$113028.62,$27810.86,$24887.22
475 - AMPUTATION FOR MUSCULOSKELETAL SYS & CONN TISSUE DIS W CC,3886,$60200.20,$14851.10,$12713.33
476 - AMPUTATION FOR MUSCULOSKELETAL SYS & CONN TISSUE DIS W/O CC/MCC,997,$33797.66,$8592.90,$7021.37
477 - BIOPSIES OF MUSCULOSKELETAL SYSTEM & CONNECTIVE TISSUE W MCC,2788,$93343.52,$23261.42,$20630.51
478 - BIOPSIES OF MUSCULOSKELETAL SYSTEM & CONNECTIVE TISSUE W CC,6553,$70302.00,$16015.19,$13837.67
479 - BIOPSIES OF MUSCULOSKELETAL SYSTEM & CONNECTIVE TISSUE W/O CC/MCC,2127,$55212.97,$12173.14,$10474.35
480 - HIP & FEMUR PROCEDURES EXCEPT MAJOR JOINT W MCC,28137,$87836.64,$20758.76,$18876.61
481 - HIP & FEMUR PROCEDURES EXCEPT MAJOR JOINT W CC,81358,$58890.74,$13693.30,$12019.08
482 - HIP & FEMUR PROCEDURES EXCEPT MAJOR JOINT W/O CC/MCC,25262,$48720.13,$11541.14,$9747.51
483 - MAJOR JOINT/LIMB REATTACHMENT PROCEDURE OF UPPER EXTREMITIES,47757,$66955.95,$16896.89,$14390.45
485 - KNEE PROCEDURES W PDX OF INFECTION W MCC,1464,$95092.95,$23763.25,$20679.05
486 - KNEE PROCEDURES W PDX OF INFECTION W CC,2929,$63836.69,$15423.82,$12907.12
487 - KNEE PROCEDURES W PDX OF INFECTION W/O CC/MCC,1084,$47440.87,$11715.47,$9282.20
488 - KNEE PROCEDURES W/O PDX OF INFECTION W CC/MCC,3254,$52863.43,$12664.77,$10396.24
489 - KNEE PROCEDURES W/O PDX OF INFECTION W/O CC/MCC,3866,$39417.18,$9562.61,$7433.08
"492 - LOWER EXTREM & HUMER PROC EXCEPT HIP,FOOT,FEMUR W MCC",6018,$95228.62,$23105.28,$20199.16
"493 - LOWER EXTREM & HUMER PROC EXCEPT HIP,FOOT,FEMUR W CC",19880,$65455.88,$15095.89,$12568.89
"494 - LOWER EXTREM & HUMER PROC EXCEPT HIP,FOOT,FEMUR W/O CC/MCC",16652,$49995.92,$11598.75,$9267.25
495 - LOCAL EXCISION & REMOVAL INT FIX DEVICES EXC HIP & FEMUR W MCC,1740,$95277.09,$23849.50,$20834.59
496 - LOCAL EXCISION & REMOVAL INT FIX DEVICES EXC HIP & FEMUR W CC,4576,$57152.84,$13478.56,$11001.84
497 - LOCAL EXCISION & REMOVAL INT FIX DEVICES EXC HIP & FEMUR W/O CC/MCC,3070,$41887.75,$9732.21,$7614.20
498 - LOCAL EXCISION & REMOVAL INT FIX DEVICES OF HIP & FEMUR W CC/MCC,1225,$77543.13,$18295.00,$15819.69
499 - LOCAL EXCISION & REMOVAL INT FIX DEVICES OF HIP & FEMUR W/O CC/MCC,451,$37810.77,$8458.89,$6611.08
500 - SOFT TISSUE PROCEDURES W MCC,1890,$99593.64,$27110.57,$23677.59
501 - SOFT TISSUE PROCEDURES W CC,4803,$50975.55,$12489.51,$10216.90
502 - SOFT TISSUE PROCEDURES W/O CC/MCC,3283,$39153.12,$9396.07,$7148.55
503 - FOOT PROCEDURES W MCC,1004,$76235.63,$17938.28,$15562.67
504 - FOOT PROCEDURES W CC,2875,$48445.15,$12052.40,$9970.79
505 - FOOT PROCEDURES W/O CC/MCC,1360,$41349.92,$10091.49,$7770.70
506 - MAJOR THUMB OR JOINT PROCEDURES,520,$43088.66,$10243.24,$7985.00
507 - MAJOR SHOULDER OR ELBOW JOINT PROCEDURES W CC/MCC,519,$61949.89,$14881.43,$12288.50
508 - MAJOR SHOULDER OR ELBOW JOINT PROCEDURES W/O CC/MCC,310,$51441.30,$11366.65,$9254.20
509 - ARTHROSCOPY,154,$56163.66,$13027.75,$10776.78
671 - URETHRAL PROCEDURES W CC/MCC,608,$52770.25,$12594.30,$10932.46
"510 - SHOULDER,ELBOW OR FOREARM PROC,EXC MAJOR JOINT PROC W MCC",1058,$76681.17,$16615.85,$14407.44
"511 - SHOULDER,ELBOW OR FOREARM PROC,EXC MAJOR JOINT PROC W CC",3346,$55482.53,$12187.96,$9824.89
"512 - SHOULDER,ELBOW OR FOREARM PROC,EXC MAJOR JOINT PROC W/O CC/MCC",2958,$45530.62,$9683.45,$7839.59
"513 - HAND OR WRIST PROC, EXCEPT MAJOR THUMB OR JOINT PROC W CC/MCC",1401,$48328.80,$11372.18,$9231.26
"514 - HAND OR WRIST PROC, EXCEPT MAJOR THUMB OR JOINT PROC W/O CC/MCC",594,$32422.02,$7531.32,$5560.06
515 - OTHER MUSCULOSKELET SYS & CONN TISS O.R. PROC W MCC,3874,$96753.59,$23623.42,$20929.39
516 - OTHER MUSCULOSKELET SYS & CONN TISS O.R. PROC W CC,9247,$64632.96,$14592.26,$12716.17
517 - OTHER MUSCULOSKELET SYS & CONN TISS O.R. PROC W/O CC/MCC,6153,$55172.66,$12364.12,$10393.06
518 - BACK & NECK PROC EXC SPINAL FUSION W MCC OR DISC DEVICE/NEUROSTIM,4402,$89283.33,$21954.41,$19322.59
519 - BACK & NECK PROC EXC SPINAL FUSION W CC,13182,$57121.58,$12575.24,$10177.53
520 - BACK & NECK PROC EXC SPINAL FUSION W/O CC/MCC,21960,$41972.73,$8870.79,$6656.85
533 - FRACTURES OF FEMUR W MCC,927,$39371.05,$10354.47,$8990.97
534 - FRACTURES OF FEMUR W/O MCC,2959,$21676.82,$5700.58,$4464.05
535 - FRACTURES OF HIP & PELVIS W MCC,7954,$35960.21,$9132.91,$7730.58
536 - FRACTURES OF HIP & PELVIS W/O MCC,27332,$21603.51,$5482.75,$4151.92
"537 - SPRAINS, STRAINS, & DISLOCATIONS OF HIP, PELVIS & THIGH W CC/MCC",866,$29010.51,$6816.03,$5449.21
"538 - SPRAINS, STRAINS, & DISLOCATIONS OF HIP, PELVIS & THIGH W/O CC/MCC",438,$22503.35,$5301.86,$4051.66
539 - OSTEOMYELITIS W MCC,2630,$54099.52,$14200.37,$12047.47
540 - OSTEOMYELITIS W CC,3397,$37878.21,$9900.15,$8177.67
541 - OSTEOMYELITIS W/O CC/MCC,898,$28432.40,$7530.49,$5938.82
542 - PATHOLOGICAL FRACTURES & MUSCULOSKELET & CONN TISS MALIG W MCC,5515,$55783.06,$14920.42,$12679.04
543 - PATHOLOGICAL FRACTURES & MUSCULOSKELET & CONN TISS MALIG W CC,12545,$35241.05,$8741.68,$7112.28
544 - PATHOLOGICAL FRACTURES & MUSCULOSKELET & CONN TISS MALIG W/O CC/MCC,3495,$24236.19,$6218.67,$4803.46
545 - CONNECTIVE TISSUE DISORDERS W MCC,3707,$75230.31,$21479.86,$18381.20
546 - CONNECTIVE TISSUE DISORDERS W CC,4792,$36313.55,$9759.11,$7769.13
547 - CONNECTIVE TISSUE DISORDERS W/O CC/MCC,1791,$25885.25,$7012.57,$5299.11
548 - SEPTIC ARTHRITIS W MCC,526,$55017.80,$14429.85,$12341.30
549 - SEPTIC ARTHRITIS W CC,1212,$33958.69,$8611.42,$7132.58
550 - SEPTIC ARTHRITIS W/O CC/MCC,401,$25582.33,$6754.58,$5398.33
551 - MEDICAL BACK PROBLEMS W MCC,12895,$48355.74,$11909.33,$9921.99
552 - MEDICAL BACK PROBLEMS W/O MCC,57950,$28664.78,$6798.75,$5214.29
553 - BONE DISEASES & ARTHROPATHIES W MCC,2359,$38150.22,$11272.35,$8871.99
554 - BONE DISEASES & ARTHROPATHIES W/O MCC,12512,$22019.42,$6155.73,$4756.09
555 - SIGNS & SYMPTOMS OF MUSCULOSKELETAL SYSTEM & CONN TISSUE W MCC,3372,$42325.18,$10520.78,$9018.73
556 - SIGNS & SYMPTOMS OF MUSCULOSKELETAL SYSTEM & CONN TISSUE W/O MCC,15120,$24740.90,$5944.21,$4584.40
"557 - TENDONITIS, MYOSITIS & BURSITIS W MCC",4830,$41161.66,$10257.76,$8664.23
"558 - TENDONITIS, MYOSITIS & BURSITIS W/O MCC",15178,$26076.99,$6552.46,$5080.70
"559 - AFTERCARE, MUSCULOSKELETAL SYSTEM & CONNECTIVE TISSUE W MCC",2593,$53996.48,$13598.33,$11927.93
"560 - AFTERCARE, MUSCULOSKELETAL SYSTEM & CONNECTIVE TISSUE W CC",4834,$31152.72,$8254.51,$6939.97
"561 - AFTERCARE, MUSCULOSKELETAL SYSTEM & CONNECTIVE TISSUE W/O CC/MCC",2791,$22451.05,$5546.01,$4395.79
"562 - FX, SPRN, STRN & DISL EXCEPT FEMUR, HIP, PELVIS & THIGH W MCC",6408,$40154.76,$10248.66,$8636.03
"563 - FX, SPRN, STRN & DISL EXCEPT FEMUR, HIP, PELVIS & THIGH W/O MCC",25809,$24522.13,$6147.19,$4655.51
564 - OTHER MUSCULOSKELETAL SYS & CONNECTIVE TISSUE DIAGNOSES W MCC,2247,$47533.56,$12196.62,$10565.86
565 - OTHER MUSCULOSKELETAL SYS & CONNECTIVE TISSUE DIAGNOSES W CC,4043,$29761.98,$7636.82,$6192.63
566 - OTHER MUSCULOSKELETAL SYS & CONNECTIVE TISSUE DIAGNOSES W/O CC/MCC,1068,$23218.77,$5904.14,$4435.68
570 - SKIN DEBRIDEMENT W MCC,4004,$64221.78,$16936.54,$14800.57
571 - SKIN DEBRIDEMENT W CC,4862,$40826.05,$10428.30,$8649.94
572 - SKIN DEBRIDEMENT W/O CC/MCC,1742,$30819.19,$7453.66,$5683.51
573 - SKIN GRAFT FOR SKIN ULCER OR CELLULITIS W MCC,2128,$97370.02,$26671.70,$22656.56
574 - SKIN GRAFT FOR SKIN ULCER OR CELLULITIS W CC,918,$79733.78,$19505.50,$16424.25
575 - SKIN GRAFT FOR SKIN ULCER OR CELLULITIS W/O CC/MCC,281,$45376.60,$12034.22,$10002.16
576 - SKIN GRAFT EXC FOR SKIN ULCER OR CELLULITIS W MCC,402,$142461.52,$36555.57,$32275.44
577 - SKIN GRAFT EXC FOR SKIN ULCER OR CELLULITIS W CC,1515,$79816.56,$18119.26,$15088.94
578 - SKIN GRAFT EXC FOR SKIN ULCER OR CELLULITIS W/O CC/MCC,1206,$50111.84,$11377.03,$9044.97
"579 - OTHER SKIN, SUBCUT TISS & BREAST PROC W MCC",5266,$76578.98,$19421.80,$17050.50
"580 - OTHER SKIN, SUBCUT TISS & BREAST PROC W CC",7791,$51425.12,$12249.15,$9711.32
"581 - OTHER SKIN, SUBCUT TISS & BREAST PROC W/O CC/MCC",5003,$43548.09,$9303.08,$7093.02
582 - MASTECTOMY FOR MALIGNANCY W CC/MCC,1783,$51284.09,$10383.29,$8338.32
583 - MASTECTOMY FOR MALIGNANCY W/O CC/MCC,2065,$46422.08,$9094.96,$6973.98
"584 - BREAST BIOPSY, LOCAL EXCISION & OTHER BREAST PROCEDURES W CC/MCC",678,$60664.99,$14180.23,$11382.76
"585 - BREAST BIOPSY, LOCAL EXCISION & OTHER BREAST PROCEDURES W/O CC/MCC",895,$55025.93,$12302.50,$8717.18
592 - SKIN ULCERS W MCC,5108,$37507.89,$10644.68,$9065.08
593 - SKIN ULCERS W CC,4067,$27529.83,$7912.76,$6318.05
594 - SKIN ULCERS W/O CC/MCC,556,$20439.38,$5977.79,$4776.13
595 - MAJOR SKIN DISORDERS W MCC,1138,$64172.70,$16614.80,$14680.73
596 - MAJOR SKIN DISORDERS W/O MCC,3578,$29113.67,$8130.76,$6400.33
597 - MALIGNANT BREAST DISORDERS W MCC,823,$56306.17,$13380.05,$11326.80
598 - MALIGNANT BREAST DISORDERS W CC,1338,$38241.73,$9381.84,$7643.82
599 - MALIGNANT BREAST DISORDERS W/O CC/MCC,84,$23606.23,$5691.82,$4472.37
600 - NON-MALIGNANT BREAST DISORDERS W CC/MCC,1080,$29896.63,$7981.41,$6397.63
601 - NON-MALIGNANT BREAST DISORDERS W/O CC/MCC,562,$19622.85,$5424.16,$3869.66
602 - CELLULITIS W MCC,27577,$40903.37,$10610.12,$9085.66
603 - CELLULITIS W/O MCC,123261,$23779.66,$6516.48,$5028.15
"604 - TRAUMA TO THE SKIN, SUBCUT TISS & BREAST W MCC",2940,$43412.48,$10209.92,$8575.94
"605 - TRAUMA TO THE SKIN, SUBCUT TISS & BREAST W/O MCC",13531,$27275.60,$6421.53,$4854.91
606 - MINOR SKIN DISORDERS W MCC,1693,$42604.16,$11539.11,$9664.99
607 - MINOR SKIN DISORDERS W/O MCC,6113,$23221.83,$6440.47,$4930.90
614 - ADRENAL & PITUITARY PROCEDURES W CC/MCC,1419,$87987.57,$22368.37,$18658.68
615 - ADRENAL & PITUITARY PROCEDURES W/O CC/MCC,1005,$53444.54,$12203.76,$9614.57
"616 - AMPUTAT OF LOWER LIMB FOR ENDOCRINE,NUTRIT,& METABOL DIS W MCC",2276,$112126.87,$28883.18,$25679.01
"617 - AMPUTAT OF LOWER LIMB FOR ENDOCRINE,NUTRIT,& METABOL DIS W CC",11386,$58889.67,$14519.62,$12283.67
"618 - AMPUTAT OF LOWER LIMB FOR ENDOCRINE,NUTRIT,& METABOL DIS W/O CC/MCC",84,$36448.99,$10338.00,$7760.61
619 - O.R. PROCEDURES FOR OBESITY W MCC,1081,$103110.57,$27442.33,$23642.96
620 - O.R. PROCEDURES FOR OBESITY W CC,4268,$59221.23,$14345.64,$11616.59
621 - O.R. PROCEDURES FOR OBESITY W/O CC/MCC,14201,$49844.96,$11685.02,$9137.32
"622 - SKIN GRAFTS & WOUND DEBRID FOR ENDOC, NUTRIT & METAB DIS W MCC",1230,$100579.68,$27156.00,$24552.58
"623 - SKIN GRAFTS & WOUND DEBRID FOR ENDOC, NUTRIT & METAB DIS W CC",3398,$54129.59,$13481.63,$11215.59
"624 - SKIN GRAFTS & WOUND DEBRID FOR ENDOC, NUTRIT & METAB DIS W/O CC/MCC",177,$33141.10,$8504.60,$6821.41
"625 - THYROID, PARATHYROID & THYROGLOSSAL PROCEDURES W MCC",984,$89767.74,$20553.87,$18216.15
"626 - THYROID, PARATHYROID & THYROGLOSSAL PROCEDURES W CC",1435,$56832.11,$11327.81,$8961.72
"627 - THYROID, PARATHYROID & THYROGLOSSAL PROCEDURES W/O CC/MCC",2322,$38031.61,$7366.59,$5435.07
"628 - OTHER ENDOCRINE, NUTRIT & METAB O.R. PROC W MCC",3461,$101294.26,$25711.37,$22801.57
"629 - OTHER ENDOCRINE, NUTRIT & METAB O.R. PROC W CC",5379,$64652.81,$16326.55,$13931.16
"630 - OTHER ENDOCRINE, NUTRIT & METAB O.R. PROC W/O CC/MCC",284,$50061.82,$11571.42,$8819.23
637 - DIABETES W MCC,24907,$41149.97,$10509.56,$8939.97
638 - DIABETES W CC,49266,$25460.01,$6592.56,$5236.12
639 - DIABETES W/O CC/MCC,13228,$18847.11,$5073.14,$3793.14
"640 - MISC DISORDERS OF NUTRITION,METABOLISM,FLUIDS/ELECTROLYTES W MCC",67503,$34279.17,$8665.53,$7360.61
"641 - MISC DISORDERS OF NUTRITION,METABOLISM,FLUIDS/ELECTROLYTES W/O MCC",106865,$22406.66,$5649.30,$4376.65
642 - INBORN AND OTHER DISORDERS OF METABOLISM,1686,$41162.92,$10264.50,$8384.76
643 - ENDOCRINE DISORDERS W MCC,8820,$47182.86,$12203.77,$10513.57
644 - ENDOCRINE DISORDERS W CC,12443,$30877.59,$7932.79,$6463.09
645 - ENDOCRINE DISORDERS W/O CC/MCC,4992,$23333.38,$5867.54,$4409.55
652 - KIDNEY TRANSPLANT,10417,$220572.50,$37469.62,$27859.48
653 - MAJOR BLADDER PROCEDURES W MCC,1596,$178904.14,$44417.42,$39165.78
654 - MAJOR BLADDER PROCEDURES W CC,3686,$103420.61,$24185.12,$20270.34
655 - MAJOR BLADDER PROCEDURES W/O CC/MCC,1317,$76749.23,$18318.46,$15212.62
656 - KIDNEY & URETER PROCEDURES FOR NEOPLASM W MCC,3521,$114769.63,$28162.80,$24496.93
657 - KIDNEY & URETER PROCEDURES FOR NEOPLASM W CC,8300,$68525.56,$15924.40,$12987.69
658 - KIDNEY & URETER PROCEDURES FOR NEOPLASM W/O CC/MCC,6532,$53346.15,$12068.62,$9411.29
659 - KIDNEY & URETER PROCEDURES FOR NON-NEOPLASM W MCC,4299,$105987.64,$27687.08,$24126.46
660 - KIDNEY & URETER PROCEDURES FOR NON-NEOPLASM W CC,8253,$62859.28,$15093.59,$12472.75
661 - KIDNEY & URETER PROCEDURES FOR NON-NEOPLASM W/O CC/MCC,3259,$50097.19,$11026.72,$8539.95
662 - MINOR BLADDER PROCEDURES W MCC,771,$90299.97,$22771.33,$20569.62
663 - MINOR BLADDER PROCEDURES W CC,1320,$53132.43,$12918.45,$11198.67
664 - MINOR BLADDER PROCEDURES W/O CC/MCC,750,$40596.77,$10241.33,$7795.67
665 - PROSTATECTOMY W MCC,535,$94805.83,$22699.44,$20516.82
666 - PROSTATECTOMY W CC,1349,$55176.12,$12537.49,$10954.04
667 - PROSTATECTOMY W/O CC/MCC,714,$32937.94,$7505.62,$5935.15
668 - TRANSURETHRAL PROCEDURES W MCC,3870,$77740.91,$18820.59,$16826.21
669 - TRANSURETHRAL PROCEDURES W CC,13787,$43240.86,$9276.54,$7598.45
670 - TRANSURETHRAL PROCEDURES W/O CC/MCC,2913,$32604.81,$6957.90,$5336.19
672 - URETHRAL PROCEDURES W/O CC/MCC,298,$37522.21,$7844.81,$5743.35
673 - OTHER KIDNEY & URINARY TRACT PROCEDURES W MCC,9510,$102301.39,$27063.95,$24191.41
674 - OTHER KIDNEY & URINARY TRACT PROCEDURES W CC,6087,$70806.77,$17013.47,$14822.05
675 - OTHER KIDNEY & URINARY TRACT PROCEDURES W/O CC/MCC,682,$50080.73,$11487.00,$9341.22
683 - RENAL FAILURE W CC,150619,$27706.17,$7128.87,$5785.73
684 - RENAL FAILURE W/O CC/MCC,25332,$19437.04,$4809.05,$3542.52
685 - ADMIT FOR RENAL DIALYSIS,2158,$28771.30,$7882.29,$6621.01
686 - KIDNEY & URINARY TRACT NEOPLASMS W MCC,1377,$52855.07,$13748.11,$11791.87
687 - KIDNEY & URINARY TRACT NEOPLASMS W CC,2505,$34797.64,$8061.42,$6530.21
688 - KIDNEY & URINARY TRACT NEOPLASMS W/O CC/MCC,299,$24448.36,$5969.53,$4586.54
689 - KIDNEY & URINARY TRACT INFECTIONS W MCC,80915,$31411.59,$8020.07,$6766.04
690 - KIDNEY & URINARY TRACT INFECTIONS W/O MCC,153314,$23877.51,$5957.30,$4700.41
691 - URINARY STONES W ESW LITHOTRIPSY W CC/MCC,796,$49709.74,$11158.59,$9589.11
692 - URINARY STONES W ESW LITHOTRIPSY W/O CC/MCC,116,$37033.28,$8436.66,$5941.07
693 - URINARY STONES W/O ESW LITHOTRIPSY W MCC,2360,$42932.45,$10114.50,$8389.12
694 - URINARY STONES W/O ESW LITHOTRIPSY W/O MCC,14309,$26457.90,$5476.57,$3883.77
695 - KIDNEY & URINARY TRACT SIGNS & SYMPTOMS W MCC,1529,$37173.64,$9545.79,$8168.23
696 - KIDNEY & URINARY TRACT SIGNS & SYMPTOMS W/O MCC,8556,$21508.08,$5405.43,$4180.44
697 - URETHRAL STRICTURE,420,$27271.15,$7107.00,$5741.29
698 - OTHER KIDNEY & URINARY TRACT DIAGNOSES W MCC,44318,$46022.67,$11932.87,$10223.30
699 - OTHER KIDNEY & URINARY TRACT DIAGNOSES W CC,31960,$32346.56,$8435.80,$6793.86
700 - OTHER KIDNEY & URINARY TRACT DIAGNOSES W/O CC/MCC,5288,$23335.89,$5958.57,$4506.88
707 - MAJOR MALE PELVIC PROCEDURES W CC/MCC,4280,$64695.79,$14881.86,$11416.85
708 - MAJOR MALE PELVIC PROCEDURES W/O CC/MCC,14228,$50316.28,$10829.68,$7588.95
709 - PENIS PROCEDURES W CC/MCC,547,$72274.73,$18018.92,$15404.91
710 - PENIS PROCEDURES W/O CC/MCC,337,$46566.15,$10917.61,$8524.00
711 - TESTES PROCEDURES W CC/MCC,480,$68040.76,$17502.40,$15330.60
712 - TESTES PROCEDURES W/O CC/MCC,159,$36498.56,$8458.42,$6819.52
713 - TRANSURETHRAL PROSTATECTOMY W CC/MCC,4462,$50937.13,$11232.92,$9500.47
714 - TRANSURETHRAL PROSTATECTOMY W/O CC/MCC,3933,$28316.27,$6470.26,$4716.12
715 - OTHER MALE REPRODUCTIVE SYSTEM O.R. PROC FOR MALIGNANCY W CC/MCC,389,$70055.21,$16857.22,$13933.98
716 - OTHER MALE REPRODUCTIVE SYSTEM O.R. PROC FOR MALIGNANCY W/O CC/MCC,123,$44691.07,$9458.57,$7252.11
717 - OTHER MALE REPRODUCTIVE SYSTEM O.R. PROC EXC MALIGNANCY W CC/MCC,738,$51909.59,$13052.53,$11345.43
718 - OTHER MALE REPRODUCTIVE SYSTEM O.R. PROC EXC MALIGNANCY W/O CC/MCC,204,$33717.46,$7452.89,$5895.48
"722 - MALIGNANCY, MALE REPRODUCTIVE SYSTEM W MCC",603,$54321.47,$13825.48,$12177.99
"723 - MALIGNANCY, MALE REPRODUCTIVE SYSTEM W CC",1260,$35220.52,$8750.28,$7156.05
"724 - MALIGNANCY, MALE REPRODUCTIVE SYSTEM W/O CC/MCC",95,$23691.07,$5565.07,$3909.03
725 - BENIGN PROSTATIC HYPERTROPHY W MCC,663,$40308.42,$9369.96,$7868.21
726 - BENIGN PROSTATIC HYPERTROPHY W/O MCC,2790,$22706.32,$5833.89,$4470.37
727 - INFLAMMATION OF THE MALE REPRODUCTIVE SYSTEM W MCC,1659,$41204.99,$10992.74,$9168.96
728 - INFLAMMATION OF THE MALE REPRODUCTIVE SYSTEM W/O MCC,5302,$24923.54,$6448.32,$4833.95
729 - OTHER MALE REPRODUCTIVE SYSTEM DIAGNOSES W CC/MCC,795,$32352.60,$8456.38,$6967.41
730 - OTHER MALE REPRODUCTIVE SYSTEM DIAGNOSES W/O CC/MCC,159,$20823.98,$5808.91,$4174.14
"734 - PELVIC EVISCERATION, RAD HYSTERECTOMY & RAD VULVECTOMY W CC/MCC",1495,$95821.44,$23141.09,$19301.65
"735 - PELVIC EVISCERATION, RAD HYSTERECTOMY & RAD VULVECTOMY W/O CC/MCC",891,$46893.51,$10847.72,$8062.21
736 - UTERINE & ADNEXA PROC FOR OVARIAN OR ADNEXAL MALIGNANCY W MCC,680,$141747.84,$36073.37,$32245.35
737 - UTERINE & ADNEXA PROC FOR OVARIAN OR ADNEXAL MALIGNANCY W CC,2674,$67821.61,$16902.27,$13673.25
738 - UTERINE & ADNEXA PROC FOR OVARIAN OR ADNEXAL MALIGNANCY W/O CC/MCC,574,$49544.91,$10813.37,$8140.36
"739 - UTERINE,ADNEXA PROC FOR NON-OVARIAN/ADNEXAL MALIG W MCC",613,$119538.81,$28030.02,$24847.82
"740 - UTERINE,ADNEXA PROC FOR NON-OVARIAN/ADNEXAL MALIG W CC",2797,$61514.42,$13456.80,$11021.86
"741 - UTERINE,ADNEXA PROC FOR NON-OVARIAN/ADNEXAL MALIG W/O CC/MCC",2477,$46479.46,$10030.70,$7770.50
742 - UTERINE & ADNEXA PROC FOR NON-MALIGNANCY W CC/MCC,5873,$55573.52,$12813.69,$10340.48
743 - UTERINE & ADNEXA PROC FOR NON-MALIGNANCY W/O CC/MCC,9596,$36165.32,$8273.81,$6016.40
"744 - D&C, CONIZATION, LAPAROSCOPY & TUBAL INTERRUPTION W CC/MCC",1367,$57383.55,$14027.94,$12163.44
"745 - D&C, CONIZATION, LAPAROSCOPY & TUBAL INTERRUPTION W/O CC/MCC",363,$40778.01,$8547.71,$6740.04
"746 - VAGINA, CERVIX & VULVA PROCEDURES W CC/MCC",1505,$49341.42,$11990.72,$9937.48
"747 - VAGINA, CERVIX & VULVA PROCEDURES W/O CC/MCC",1710,$33106.95,$7730.30,$5822.47
748 - FEMALE REPRODUCTIVE SYSTEM RECONSTRUCTIVE PROCEDURES,2553,$40770.58,$9132.99,$7025.20
749 - OTHER FEMALE REPRODUCTIVE SYSTEM O.R. PROCEDURES W CC/MCC,898,$93040.25,$22757.33,$19201.05
750 - OTHER FEMALE REPRODUCTIVE SYSTEM O.R. PROCEDURES W/O CC/MCC,218,$46636.86,$10247.29,$7753.14
"754 - MALIGNANCY, FEMALE REPRODUCTIVE SYSTEM W MCC",1327,$60826.61,$15916.59,$13777.83
"755 - MALIGNANCY, FEMALE REPRODUCTIVE SYSTEM W CC",2718,$35941.34,$8971.89,$7377.71
"756 - MALIGNANCY, FEMALE REPRODUCTIVE SYSTEM W/O CC/MCC",193,$22783.45,$6203.28,$5080.86
"757 - INFECTIONS, FEMALE REPRODUCTIVE SYSTEM W MCC",1209,$43907.76,$11253.71,$10088.10
"758 - INFECTIONS, FEMALE REPRODUCTIVE SYSTEM W CC",1643,$32334.92,$8067.47,$6810.82
"759 - INFECTIONS, FEMALE REPRODUCTIVE SYSTEM W/O CC/MCC",593,$22177.61,$5640.99,$4382.84
760 - MENSTRUAL & OTHER FEMALE REPRODUCTIVE SYSTEM DISORDERS W CC/MCC,1877,$28246.39,$7103.39,$5616.31
761 - MENSTRUAL & OTHER FEMALE REPRODUCTIVE SYSTEM DISORDERS W/O CC/MCC,461,$19066.77,$4672.82,$3302.19
765 - CESAREAN SECTION W CC/MCC,3974,$31863.78,$9999.13,$7900.66
766 - CESAREAN SECTION W/O CC/MCC,2501,$21587.98,$6656.57,$4898.08
767 - VAGINAL DELIVERY W STERILIZATION &/OR D&C,95,$22442.40,$7278.77,$5169.62
769 - POSTPARTUM & POST ABORTION DIAGNOSES W O.R. PROCEDURE,90,$73242.06,$19716.64,$15477.57
"770 - ABORTION W D&C, ASPIRATION CURETTAGE OR HYSTEROTOMY",82,$33623.65,$9395.00,$6002.41
774 - VAGINAL DELIVERY W COMPLICATING DIAGNOSES,2273,$19738.50,$7384.02,$5545.65
775 - VAGINAL DELIVERY W/O COMPLICATING DIAGNOSES,5801,$13663.01,$5357.64,$3796.04
776 - POSTPARTUM & POST ABORTION DIAGNOSES W/O O.R. PROCEDURE,656,$22483.57,$7308.44,$6189.87
777 - ECTOPIC PREGNANCY,111,$35682.41,$8733.34,$7078.45
778 - THREATENED ABORTION,298,$14940.19,$7187.11,$5708.35
779 - ABORTION W/O D&C,57,$19210.51,$6613.14,$5026.49
780 - FALSE LABOR,16,$13107.75,$2904.13,$1954.69
781 - OTHER ANTEPARTUM DIAGNOSES W MEDICAL COMPLICATIONS,2646,$23386.24,$7941.61,$6371.27
782 - OTHER ANTEPARTUM DIAGNOSES W/O MEDICAL COMPLICATIONS,102,$12957.18,$6105.12,$4352.78
800 - SPLENECTOMY W CC,379,$92727.46,$21138.87,$18334.78
801 - SPLENECTOMY W/O CC/MCC,204,$54151.47,$12061.60,$9742.01
802 - OTHER O.R. PROC OF THE BLOOD & BLOOD FORMING ORGANS W MCC,801,$104249.12,$27268.51,$24448.08
803 - OTHER O.R. PROC OF THE BLOOD & BLOOD FORMING ORGANS W CC,943,$59450.76,$14245.36,$12125.81
804 - OTHER O.R. PROC OF THE BLOOD & BLOOD FORMING ORGANS W/O CC/MCC,481,$44622.14,$9908.00,$7930.57
808 - MAJOR HEMATOL/IMMUN DIAG EXC SICKLE CELL CRISIS & COAGUL W MCC,7767,$67506.01,$18005.19,$15708.73
809 - MAJOR HEMATOL/IMMUN DIAG EXC SICKLE CELL CRISIS & COAGUL W CC,16150,$37180.38,$9655.38,$7936.36
810 - MAJOR HEMATOL/IMMUN DIAG EXC SICKLE CELL CRISIS & COAGUL W/O CC/MCC,2111,$30438.35,$7122.40,$5525.72
811 - RED BLOOD CELL DISORDERS W MCC,30393,$40578.59,$10004.67,$8562.24
812 - RED BLOOD CELL DISORDERS W/O MCC,70509,$26576.00,$6564.13,$5208.83
813 - COAGULATION DISORDERS,7192,$71589.24,$17681.49,$14967.87
814 - RETICULOENDOTHELIAL & IMMUNITY DISORDERS W MCC,1486,$54805.08,$14710.38,$12560.04
815 - RETICULOENDOTHELIAL & IMMUNITY DISORDERS W CC,2831,$32245.05,$8205.78,$6557.78
816 - RETICULOENDOTHELIAL & IMMUNITY DISORDERS W/O CC/MCC,847,$24708.30,$5780.20,$4251.27
820 - LYMPHOMA & LEUKEMIA W MAJOR O.R. PROCEDURE W MCC,994,$200571.46,$50631.78,$43371.06
821 - LYMPHOMA & LEUKEMIA W MAJOR O.R. PROCEDURE W CC,1351,$82012.00,$19809.54,$16277.33
822 - LYMPHOMA & LEUKEMIA W MAJOR O.R. PROCEDURE W/O CC/MCC,1122,$46636.70,$11144.52,$8832.58
823 - LYMPHOMA & NON-ACUTE LEUKEMIA W OTHER O.R. PROC W MCC,1819,$150545.86,$38370.71,$33745.13
824 - LYMPHOMA & NON-ACUTE LEUKEMIA W OTHER O.R. PROC W CC,2243,$77977.48,$18605.30,$15693.19
825 - LYMPHOMA & NON-ACUTE LEUKEMIA W OTHER O.R. PROC W/O CC/MCC,696,$51215.60,$11398.28,$9023.77
826 - MYELOPROLIF DISORD OR POORLY DIFF NEOPL W MAJ O.R. PROC W MCC,629,$169340.42,$45398.75,$38712.17
827 - MYELOPROLIF DISORD OR POORLY DIFF NEOPL W MAJ O.R. PROC W CC,1319,$84303.87,$20459.82,$16545.25
828 - MYELOPROLIF DISORD OR POORLY DIFF NEOPL W MAJ O.R. PROC W/O CC/MCC,802,$55804.62,$13397.19,$10418.70
829 - MYELOPROLIF DISORD OR POORLY DIFF NEOPL W OTHER O.R. PROC W CC/MCC,1190,$116038.66,$31209.03,$26857.89
830 - MYELOPROLIF DISORD OR POORLY DIFF NEOPL W OTHER O.R. PROC W/O CC/MCC,259,$55605.10,$11849.01,$9089.20
834 - ACUTE LEUKEMIA W/O MAJOR O.R. PROCEDURE W MCC,3805,$181073.22,$51065.88,$43490.55
835 - ACUTE LEUKEMIA W/O MAJOR O.R. PROCEDURE W CC,2196,$70607.83,$19578.77,$15873.69
836 - ACUTE LEUKEMIA W/O MAJOR O.R. PROCEDURE W/O CC/MCC,646,$40354.42,$10188.18,$7996.82
837 - CHEMO W ACUTE LEUKEMIA AS SDX OR W HIGH DOSE CHEMO AGENT W MCC,1848,$197167.21,$62420.36,$51615.89
838 - CHEMO W ACUTE LEUKEMIA AS SDX W CC OR HIGH DOSE CHEMO AGENT,1131,$89126.15,$28421.55,$23840.55
839 - CHEMO W ACUTE LEUKEMIA AS SDX W/O CC/MCC,1125,$43680.33,$12475.73,$10011.86
840 - LYMPHOMA & NON-ACUTE LEUKEMIA W MCC,6990,$99157.01,$26147.32,$22681.35
841 - LYMPHOMA & NON-ACUTE LEUKEMIA W CC,7301,$55559.26,$13247.50,$11097.92
842 - LYMPHOMA & NON-ACUTE LEUKEMIA W/O CC/MCC,1726,$39625.95,$8977.53,$7024.64
843 - OTHER MYELOPROLIF DIS OR POORLY DIFF NEOPL DIAG W MCC,1704,$58292.38,$14965.59,$12666.28
844 - OTHER MYELOPROLIF DIS OR POORLY DIFF NEOPL DIAG W CC,2218,$39180.89,$9701.51,$8015.93
845 - OTHER MYELOPROLIF DIS OR POORLY DIFF NEOPL DIAG W/O CC/MCC,347,$29636.47,$6957.59,$5473.54
906 - HAND PROCEDURES FOR INJURIES,558,$52099.62,$11805.78,$8746.74
846 - CHEMOTHERAPY W/O ACUTE LEUKEMIA AS SECONDARY DIAGNOSIS W MCC,3141,$83940.42,$22548.11,$19189.59
847 - CHEMOTHERAPY W/O ACUTE LEUKEMIA AS SECONDARY DIAGNOSIS W CC,14206,$42803.52,$10730.52,$8814.54
848 - CHEMOTHERAPY W/O ACUTE LEUKEMIA AS SECONDARY DIAGNOSIS W/O CC/MCC,448,$29172.15,$8010.71,$7051.84
849 - RADIOTHERAPY,600,$64247.28,$15364.06,$12653.67
853 - INFECTIOUS & PARASITIC DISEASES W O.R. PROCEDURE W MCC,67109,$153831.88,$38542.10,$34737.12
854 - INFECTIOUS & PARASITIC DISEASES W O.R. PROCEDURE W CC,15959,$73260.89,$17316.37,$14861.83
855 - INFECTIOUS & PARASITIC DISEASES W O.R. PROCEDURE W/O CC/MCC,316,$51565.50,$12646.23,$10757.63
856 - POSTOPERATIVE OR POST-TRAUMATIC INFECTIONS W O.R. PROC W MCC,6195,$134451.97,$35802.17,$32165.89
857 - POSTOPERATIVE OR POST-TRAUMATIC INFECTIONS W O.R. PROC W CC,8285,$62093.86,$15367.73,$13135.08
858 - POSTOPERATIVE OR POST-TRAUMATIC INFECTIONS W O.R. PROC W/O CC/MCC,1388,$43974.44,$10619.74,$8631.29
862 - POSTOPERATIVE & POST-TRAUMATIC INFECTIONS W MCC,10985,$55174.47,$14165.41,$12255.73
863 - POSTOPERATIVE & POST-TRAUMATIC INFECTIONS W/O MCC,14777,$29395.73,$7825.83,$6433.69
864 - FEVER,12899,$27575.51,$6763.92,$5320.99
865 - VIRAL ILLNESS W MCC,4741,$42720.05,$12188.36,$10200.79
866 - VIRAL ILLNESS W/O MCC,5968,$25355.75,$6253.22,$4577.07
867 - OTHER INFECTIOUS & PARASITIC DISEASES DIAGNOSES W MCC,4897,$81949.70,$22039.72,$19108.31
868 - OTHER INFECTIOUS & PARASITIC DISEASES DIAGNOSES W CC,2190,$32521.84,$8740.16,$7013.47
869 - OTHER INFECTIOUS & PARASITIC DISEASES DIAGNOSES W/O CC/MCC,474,$21245.33,$5712.30,$4110.08
870 - SEPTICEMIA OR SEVERE SEPSIS W MV >96 HOURS,36434,$183936.56,$43767.85,$39772.62
871 - SEPTICEMIA OR SEVERE SEPSIS W/O MV 96+ HOURS W MCC,522580,$54221.42,$13341.08,$11677.04
872 - SEPTICEMIA OR SEVERE SEPSIS W/O MV >96 HOURS W/O MCC,152547,$31837.80,$8039.71,$6496.82
876 - O.R. PROCEDURE W PRINCIPAL DIAGNOSES OF MENTAL ILLNESS,536,$94303.82,$26294.13,$22753.20
880 - ACUTE ADJUSTMENT REACTION & PSYCHOSOCIAL DYSFUNCTION,5952,$24507.19,$5827.28,$4428.93
882 - NEUROSES EXCEPT DEPRESSIVE,1733,$17286.41,$5842.81,$4589.19
883 - DISORDERS OF PERSONALITY & IMPULSE CONTROL,1130,$27776.05,$11254.99,$9526.95
884 - ORGANIC DISTURBANCES & MENTAL RETARDATION,19569,$31072.59,$8831.02,$7338.70
885 - PSYCHOSES,86596,$23370.05,$8655.13,$7195.96
886 - BEHAVIORAL & DEVELOPMENTAL DISORDERS,421,$19739.81,$6869.78,$5272.88
887 - OTHER MENTAL DISORDER DIAGNOSES,368,$28236.80,$7918.71,$6255.82
"894 - ALCOHOL/DRUG ABUSE OR DEPENDENCE, LEFT AMA",5292,$12857.71,$4840.92,$3867.25
895 - ALCOHOL/DRUG ABUSE OR DEPENDENCE W REHABILITATION THERAPY,8864,$17505.18,$8610.63,$7636.19
896 - ALCOHOL/DRUG ABUSE OR DEPENDENCE W/O REHABILITATION THERAPY W MCC,9402,$47598.02,$12164.91,$10316.03
897 - ALCOHOL/DRUG ABUSE OR DEPENDENCE W/O REHABILITATION THERAPY W/O MCC,37380,$19556.07,$6279.74,$4978.21
901 - WOUND DEBRIDEMENTS FOR INJURIES W MCC,786,$136493.23,$36428.78,$31393.11
902 - WOUND DEBRIDEMENTS FOR INJURIES W CC,1697,$58965.01,$14679.33,$12578.66
903 - WOUND DEBRIDEMENTS FOR INJURIES W/O CC/MCC,614,$35708.68,$9099.88,$7614.86
904 - SKIN GRAFTS FOR INJURIES W CC/MCC,1930,$112185.91,$30935.27,$26286.21
905 - SKIN GRAFTS FOR INJURIES W/O CC/MCC,601,$45454.79,$12189.77,$9690.06
907 - OTHER O.R. PROCEDURES FOR INJURIES W MCC,9284,$119457.91,$30167.79,$26631.23
908 - OTHER O.R. PROCEDURES FOR INJURIES W CC,8621,$63645.22,$15152.40,$12805.51
909 - OTHER O.R. PROCEDURES FOR INJURIES W/O CC/MCC,3379,$42272.26,$9855.46,$8043.72
913 - TRAUMATIC INJURY W MCC,886,$40867.17,$9305.47,$7955.73
914 - TRAUMATIC INJURY W/O MCC,3776,$25600.33,$6024.23,$4469.51
915 - ALLERGIC REACTIONS W MCC,2201,$50095.06,$12041.22,$10252.69
916 - ALLERGIC REACTIONS W/O MCC,4285,$18713.65,$4577.17,$3177.19
917 - POISONING & TOXIC EFFECTS OF DRUGS W MCC,30785,$45049.58,$10882.46,$9163.91
918 - POISONING & TOXIC EFFECTS OF DRUGS W/O MCC,24511,$22555.47,$5416.27,$4168.05
919 - COMPLICATIONS OF TREATMENT W MCC,12950,$56556.99,$14438.39,$12133.83
920 - COMPLICATIONS OF TREATMENT W CC,14395,$31827.87,$8083.92,$6568.92
921 - COMPLICATIONS OF TREATMENT W/O CC/MCC,4022,$22401.86,$5595.67,$4359.04
"922 - OTHER INJURY, POISONING & TOXIC EFFECT DIAG W MCC",1351,$45588.53,$12004.39,$10156.80
"923 - OTHER INJURY, POISONING & TOXIC EFFECT DIAG W/O MCC",2051,$25920.28,$6744.78,$5200.02
927 - EXTENSIVE BURNS OR FULL THICKNESS BURNS W MV >96 HRS W SKIN GRAFT,181,$480362.97,$144622.80,$132602.19
928 - FULL THICKNESS BURN W SKIN GRAFT OR INHAL INJ W CC/MCC,1113,$163398.45,$50524.87,$43795.99
929 - FULL THICKNESS BURN W SKIN GRAFT OR INHAL INJ W/O CC/MCC,322,$80029.63,$22997.01,$17899.43
933 - EXTENSIVE BURNS OR FULL THICKNESS BURNS W MV 96+ HRS W/O SKIN GRAFT,122,$108990.92,$48761.24,$44303.11
934 - FULL THICKNESS BURN W/O SKIN GRFT OR INHAL INJ,517,$49082.57,$15926.37,$13448.04
935 - NON-EXTENSIVE BURNS,1926,$50621.39,$14797.66,$12238.98
939 - O.R. PROC W DIAGNOSES OF OTHER CONTACT W HEALTH SERVICES W MCC,596,$103530.43,$24609.57,$21797.77
940 - O.R. PROC W DIAGNOSES OF OTHER CONTACT W HEALTH SERVICES W CC,1134,$62895.89,$15611.73,$12894.35
941 - O.R. PROC W DIAGNOSES OF OTHER CONTACT W HEALTH SERVICES W/O CC/MCC,715,$47653.94,$11065.77,$9013.13
945 - REHABILITATION W CC/MCC,5263,$21961.35,$16867.77,$15583.25
946 - REHABILITATION W/O CC/MCC,2289,$17992.78,$10790.23,$10137.39
947 - SIGNS & SYMPTOMS W MCC,12831,$35032.97,$9024.47,$7608.89
948 - SIGNS & SYMPTOMS W/O MCC,40978,$23974.56,$5883.89,$4588.75
949 - AFTERCARE W CC/MCC,402,$30717.33,$10598.26,$9179.63
950 - AFTERCARE W/O CC/MCC,134,$17748.14,$5589.52,$4237.51
951 - OTHER FACTORS INFLUENCING HEALTH STATUS,736,$27586.69,$11750.46,$9709.42
955 - CRANIOTOMY FOR MULTIPLE SIGNIFICANT TRAUMA,419,$189197.33,$49354.63,$42281.22
"956 - LIMB REATTACHMENT, HIP & FEMUR PROC FOR MULTIPLE SIGNIFICANT TRAUMA",5274,$112574.03,$27729.22,$24321.31
957 - OTHER O.R. PROCEDURES FOR MULTIPLE SIGNIFICANT TRAUMA W MCC,2017,$238658.48,$64188.81,$52731.69
958 - OTHER O.R. PROCEDURES FOR MULTIPLE SIGNIFICANT TRAUMA W CC,1404,$135136.03,$35084.03,$27533.37
959 - OTHER O.R. PROCEDURES FOR MULTIPLE SIGNIFICANT TRAUMA W/O CC/MCC,203,$89191.15,$22564.87,$16878.07
963 - OTHER MULTIPLE SIGNIFICANT TRAUMA W MCC,2576,$88554.04,$23736.29,$20049.29
964 - OTHER MULTIPLE SIGNIFICANT TRAUMA W CC,3422,$48623.27,$12579.20,$9514.27
965 - OTHER MULTIPLE SIGNIFICANT TRAUMA W/O CC/MCC,856,$33844.77,$7936.23,$5832.29
969 - HIV W EXTENSIVE O.R. PROCEDURE W MCC,537,$202931.73,$53334.21,$49174.06
970 - HIV W EXTENSIVE O.R. PROCEDURE W/O MCC,63,$86538.43,$18867.05,$15908.38
974 - HIV W MAJOR RELATED CONDITION W MCC,5337,$90226.84,$24119.26,$21524.29
975 - HIV W MAJOR RELATED CONDITION W CC,2697,$43633.70,$12333.20,$10435.35
976 - HIV W MAJOR RELATED CONDITION W/O CC/MCC,668,$30763.34,$8551.73,$7007.48
977 - HIV W OR W/O OTHER RELATED CONDITION,1979,$41509.28,$10454.15,$8852.47
981 - EXTENSIVE O.R. PROCEDURE UNRELATED TO PRINCIPAL DIAGNOSIS W MCC,22041,$148690.27,$36558.69,$32962.65
982 - EXTENSIVE O.R. PROCEDURE UNRELATED TO PRINCIPAL DIAGNOSIS W CC,14383,$83959.10,$20334.99,$17807.46
983 - EXTENSIVE O.R. PROCEDURE UNRELATED TO PRINCIPAL DIAGNOSIS W/O CC/MCC,3005,$60639.52,$14347.16,$11685.19
984 - PROSTATIC O.R. PROCEDURE UNRELATED TO PRINCIPAL DIAGNOSIS W MCC,455,$103204.46,$25289.17,$22738.19
985 - PROSTATIC O.R. PROCEDURE UNRELATED TO PRINCIPAL DIAGNOSIS W CC,725,$57063.08,$13122.37,$11762.25
986 - PROSTATIC O.R. PROCEDURE UNRELATED TO PRINCIPAL DIAGNOSIS W/O CC/MCC,235,$36156.44,$8035.35,$6337.75
987 - NON-EXTENSIVE O.R. PROC UNRELATED TO PRINCIPAL DIAGNOSIS W MCC,6759,$98798.72,$24752.09,$21854.03
988 - NON-EXTENSIVE O.R. PROC UNRELATED TO PRINCIPAL DIAGNOSIS W CC,7080,$54591.88,$13236.68,$11185.47
989 - NON-EXTENSIVE O.R. PROC UNRELATED TO PRINCIPAL DIAGNOSIS W/O CC/MCC,1926,$35638.32,$8172.94,$6407.93
