YEAR,HCPCS,MOD,EFF_DATE,INDICATOR,RATE2018,SHORTDESC
2018,0001M,,20180101,N,72.19,Infectious dis hcv 6 assays
2018,0001U,,20180101,L,0,Rbc dna hea 35 ag 11 bld grp
2018,0002M,,20180101,N,503.4,Liver dis 10 assays w/ash
2018,0002U,,20180101,L,0,Onc clrct 3 ur metab alg plp
2018,0003M,,20180101,N,503.4,Liver dis 10 assays w/nash
2018,0003U,,20180101,N,950,Onc ovar 5 prtn ser alg scor
2018,0004M,,20180101,L,0,Scoliosis dna alys
2018,0005U,,20180101,N,760,Onco prst8 3 gene ur alg
2018,0006M,,20180101,L,0,Onc hep gene risk classifier
2018,0006U,,20180101,N,246.92,Rx mntr 120+ drugs & sbsts
2018,0007M,,20180101,L,0,Onc gastro 51 gene nomogram
2018,0007U,,20180101,N,114.43,Rx test prsmv ur w/def conf
2018,0008U,,20180101,N,597.91,Hpylori detcj abx rstnc dna
2018,0009M,,20180101,L,0,Fetal aneuploidy trisom risk
2018,0009U,,20180101,L,0,Onc brst ca erbb2 amp/nonamp
2018,0010U,,20180101,L,0,Nfct ds strn typ whl gen seq
2018,0011U,,20180101,N,114.43,Rx mntr lc-ms/ms oral fluid
2018,0012U,,20180101,L,0,Germln do gene reargmt detcj
2018,0013U,,20180101,L,0,Onc sld org neo gene reargmt
2018,0014U,,20180101,L,0,Hem hmtlmf neo gene reargmt
2018,0016U,,20180101,N,202.42,Onc hmtlmf neo rna bcr/abl1
2018,0017U,,20180101,N,113.17,Onc hmtlmf neo jak2 mut dna
2018,36415,,20180101,N,3,Routine venipuncture
2018,78267,,20180101,N,11.06,Breath tst attain/anal c-14
2018,78268,,20180101,N,94.41,Breath test analysis c-14
2018,80047,,20180101,N,13.73,Metabolic panel ionized ca
2018,80047,QW,20180101,N,13.73,Metabolic panel ionized ca
2018,80048,,20180101,N,10.44,Metabolic panel total ca
2018,80048,QW,20180101,N,10.44,Metabolic panel total ca
2018,80051,,20180101,N,8.66,Electrolyte panel
2018,80051,QW,20180101,N,8.66,Electrolyte panel
2018,80053,,20180101,N,13.04,Comprehen metabolic panel
2018,80053,QW,20180101,N,13.04,Comprehen metabolic panel
2018,80055,,20180101,N,59.02,Obstetric panel
2018,80061,,20180101,N,16.53,Lipid panel
2018,80061,QW,20180101,N,16.53,Lipid panel
2018,80069,,20180101,N,10.72,Renal function panel
2018,80069,QW,20180101,N,10.72,Renal function panel
2018,80074,,20180101,N,58.81,Acute hepatitis panel
2018,80076,,20180101,N,10.09,Hepatic function panel
2018,80081,,20180101,N,92.42,Obstetric panel
2018,80150,,20180101,N,18.61,Assay of amikacin
2018,80155,,20180101,N,38.57,Drug assay caffeine
2018,80156,,20180101,N,17.98,Assay carbamazepine total
2018,80157,,20180101,N,16.36,Assay carbamazepine free
2018,80158,,20180101,N,22.28,Drug assay cyclosporine
2018,80159,,20180101,N,22.83,Drug assay clozapine
2018,80162,,20180101,N,16.39,Assay of digoxin total
2018,80163,,20180101,N,16.39,Assay of digoxin free
2018,80164,,20180101,N,16.72,Assay dipropylacetic acd tot
2018,80165,,20180101,N,16.72,Dipropylacetic acid free
2018,80168,,20180101,N,20.17,Assay of ethosuximide
2018,80169,,20180101,N,16.96,Drug assay everolimus
2018,80170,,20180101,N,20.22,Assay of gentamicin
2018,80171,,20180101,N,21.67,Drug screen quant gabapentin
2018,80173,,20180101,N,17.98,Assay of haloperidol
2018,80175,,20180101,N,16.36,Drug screen quan lamotrigine
2018,80176,,20180101,N,18.14,Assay of lidocaine
2018,80177,,20180101,N,16.36,Drug scrn quan levetiracetam
2018,80178,,20180101,N,8.16,Assay of lithium
2018,80178,QW,20180101,N,8.16,Assay of lithium
2018,80180,,20180101,N,22.28,Drug scrn quan mycophenolate
2018,80183,,20180101,N,16.36,Drug scrn quant oxcarbazepin
2018,80184,,20180101,N,15.3,Assay of phenobarbital
2018,80185,,20180101,N,16.36,Assay of phenytoin total
2018,80186,,20180101,N,16.99,Assay of phenytoin free
2018,80188,,20180101,N,20.48,Assay of primidone
2018,80190,,20180101,N,60,Assay of procainamide
2018,80192,,20180101,N,20.68,Assay of procainamide
2018,80194,,20180101,N,18.03,Assay of quinidine
2018,80195,,20180101,N,16.96,Assay of sirolimus
2018,80197,,20180101,N,16.96,Assay of tacrolimus
2018,80198,,20180101,N,17.46,Assay of theophylline
2018,80199,,20180101,N,27.11,Drug screen quant tiagabine
2018,80200,,20180101,N,19.91,Assay of tobramycin
2018,80201,,20180101,N,14.72,Assay of topiramate
2018,80202,,20180101,N,16.72,Assay of vancomycin
2018,80203,,20180101,N,16.36,Drug screen quant zonisamide
2018,80299,,20180101,N,18.64,Quantitative assay drug
2018,80305,,20180101,N,13.46,Drug test prsmv dir opt obs
2018,80305,QW,20180101,N,13.46,Drug test prsmv dir opt obs
2018,80306,,20180101,N,17.96,Drug test prsmv instrmnt
2018,80307,,20180101,N,71.83,Drug test prsmv chem anlyzr
2018,80400,,20180101,N,40.27,Acth stimulation panel
2018,80402,,20180101,N,107.35,Acth stimulation panel
2018,80406,,20180101,N,96.62,Acth stimulation panel
2018,80408,,20180101,N,154.94,Aldosterone suppression eval
2018,80410,,20180101,N,33.08,Calcitonin stimul panel
2018,80412,,20180101,N,801.62,Crh stimulation panel
2018,80414,,20180101,N,63.75,Testosterone response
2018,80415,,20180101,N,68.99,Estradiol response panel
2018,80416,,20180101,N,209.32,Renin stimulation panel
2018,80417,,20180101,N,54.31,Renin stimulation panel
2018,80418,,20180101,N,715.43,Pituitary evaluation panel
2018,80420,,20180101,N,161.88,Dexamethasone panel
2018,80422,,20180101,N,56.88,Glucagon tolerance panel
2018,80424,,20180101,N,62.34,Glucagon tolerance panel
2018,80426,,20180101,N,183.22,Gonadotropin hormone panel
2018,80428,,20180101,N,82.35,Growth hormone panel
2018,80430,,20180101,N,129.33,Growth hormone panel
2018,80432,,20180101,N,166.79,Insulin suppression panel
2018,80434,,20180101,N,285.03,Insulin tolerance panel
2018,80435,,20180101,N,127.18,Insulin tolerance panel
2018,80436,,20180101,N,112.55,Metyrapone panel
2018,80438,,20180101,N,62.24,Trh stimulation panel
2018,80439,,20180101,N,82.98,Trh stimulation panel
2018,81000,,20180101,N,4.02,Urinalysis nonauto w/scope
2018,81001,,20180101,N,3.92,Urinalysis auto w/scope
2018,81002,,20180101,N,3.48,Urinalysis nonauto w/o scope
2018,81003,,20180101,N,2.77,Urinalysis auto w/o scope
2018,81003,QW,20180101,N,2.77,Urinalysis auto w/o scope
2018,81005,,20180101,N,2.67,Urinalysis
2018,81007,,20180101,N,29.98,Urine screen for bacteria
2018,81007,QW,20180101,N,29.98,Urine screen for bacteria
2018,81015,,20180101,N,3.76,Microscopic exam of urine
2018,81020,,20180101,N,4.7,Urinalysis glass test
2018,81025,,20180101,N,8.61,Urine pregnancy test
2018,81050,,20180101,N,3.71,Urinalysis volume measure
2018,81105,,20180101,N,150.89,Hpa-1 genotyping
2018,81106,,20180101,N,150.89,Hpa-2 genotyping
2018,81107,,20180101,N,150.89,Hpa-3 genotyping
2018,81108,,20180101,N,150.89,Hpa-4 genotyping
2018,81109,,20180101,N,150.89,Hpa-5 genotyping
2018,81110,,20180101,N,150.89,Hpa-6 genotyping
2018,81111,,20180101,N,150.89,Hpa-9 genotyping
2018,81112,,20180101,N,150.89,Hpa-15 genotyping
2018,81120,,20180101,N,193.25,Idh1 common variants
2018,81121,,20180101,N,295.79,Idh2 common variants
2018,81161,,20180101,N,279,Dmd dup/delet analysis
2018,81162,,20180101,N,2252.93,Brca1&2 seq & full dup/del
2018,81170,,20180101,N,300,Abl1 gene
2018,81175,,20180101,N,707.02,Asxl1 full gene sequence
2018,81176,,20180101,N,298.64,Asxl1 gene target seq alys
2018,81200,,20180101,N,47.25,Aspa gene
2018,81201,,20180101,N,780,Apc gene full sequence
2018,81202,,20180101,N,280,Apc gene known fam variants
2018,81203,,20180101,N,200,Apc gene dup/delet variants
2018,81205,,20180101,N,94.99,Bckdhb gene
2018,81206,,20180101,N,202.42,Bcr/abl1 gene major bp
2018,81207,,20180101,N,178.81,Bcr/abl1 gene minor bp
2018,81208,,20180101,N,214.62,Bcr/abl1 gene other bp
2018,81209,,20180101,N,39.31,Blm gene
2018,81210,,20180101,N,175.4,Braf gene
2018,81211,,20180101,N,2395.84,Brca1&2 seq & com dup/del
2018,81212,,20180101,N,440,Brca1&2 185&5385&6174 var
2018,81213,,20180101,N,553,Brca1&2 uncom dup/del var
2018,81214,,20180101,N,1301.42,Brca1 full seq & com dup/del
2018,81215,,20180101,N,375.25,Brca1 gene known fam variant
2018,81216,,20180101,N,185.12,Brca2 gene full sequence
2018,81217,,20180101,N,375.25,Brca2 gene known fam variant
2018,81218,,20180101,N,298.64,Cebpa gene full sequence
2018,81219,,20180101,N,150.16,Calr gene com variants
2018,81220,,20180101,N,556.6,Cftr gene com variants
2018,81221,,20180101,N,97.22,Cftr gene known fam variants
2018,81222,,20180101,N,435.07,Cftr gene dup/delet variants
2018,81223,,20180101,N,499,Cftr gene full sequence
2018,81224,,20180101,N,168.75,Cftr gene intron poly t
2018,81225,,20180101,N,291.36,Cyp2c19 gene com variants
2018,81226,,20180101,N,450.91,Cyp2d6 gene com variants
2018,81227,,20180101,N,174.81,Cyp2c9 gene com variants
2018,81228,,20180101,N,900,Cytogen micrarray copy nmbr
2018,81229,,20180101,N,1160,Cytogen m array copy no&snp
2018,81230,,20180101,N,174.81,Cyp3a4 gene common variants
2018,81231,,20180101,N,174.81,Cyp3a5 gene common variants
2018,81232,,20180101,N,174.81,Dpyd gene common variants
2018,81235,,20180101,N,324.58,Egfr gene com variants
2018,81238,,20180101,N,600,F9 full gene sequence
2018,81240,,20180101,N,65.69,F2 gene
2018,81241,,20180101,N,75.44,F5 gene
2018,81242,,20180101,N,36.62,Fancc gene
2018,81243,,20180101,N,57.04,Fmr1 gene detection
2018,81244,,20180101,N,44.89,Fmr1 gene characterization
2018,81245,,20180101,N,165.51,Flt3 gene
2018,81246,,20180101,N,83,Flt3 gene analysis
2018,81247,,20180101,N,174.81,G6pd gene alys cmn variant
2018,81248,,20180101,N,375.25,G6pd known familial variant
2018,81249,,20180101,N,600,G6pd full gene sequence
2018,81250,,20180101,N,58.49,G6pc gene
2018,81251,,20180101,N,47.25,Gba gene
2018,81252,,20180101,N,101.12,Gjb2 gene full sequence
2018,81253,,20180101,N,61.52,Gjb2 gene known fam variants
2018,81254,,20180101,N,35,Gjb6 gene com variants
2018,81255,,20180101,N,51.45,Hexa gene
2018,81256,,20180101,N,80.69,Hfe gene
2018,81257,,20180101,N,102.26,Hba1/hba2 gene
2018,81258,,20180101,N,375.25,Hba1/hba2 gene fam vrnt
2018,81259,,20180101,N,600,Hba1/hba2 full gene sequence
2018,81260,,20180101,N,39.31,Ikbkap gene
2018,81261,,20180101,N,244.43,Igh gene rearrange amp meth
2018,81262,,20180101,N,68.55,Igh gene rearrang dir probe
2018,81263,,20180101,N,363.6,Igh vari regional mutation
2018,81264,,20180101,N,184.35,Igk rearrangeabn clonal pop
2018,81265,,20180101,N,265.49,Str markers specimen anal
2018,81266,,20180101,N,304.81,Str markers spec anal addl
2018,81267,,20180101,N,256.12,Chimerism anal no cell selec
2018,81268,,20180101,N,321.96,Chimerism anal w/cell select
2018,81269,,20180101,N,202.4,Hba1/hba2 gene dup/del vrnts
2018,81270,,20180101,N,113.17,Jak2 gene
2018,81272,,20180101,N,329.51,Kit gene targeted seq analys
2018,81273,,20180101,N,124.87,Kit gene analys d816 variant
2018,81275,,20180101,N,193.25,Kras gene variants exon 2
2018,81276,,20180101,N,193.25,Kras gene addl variants
2018,81280,,20180101,N,416.08,Long qt synd gene full seq
2018,81281,,20180101,N,285,Long qt synd known fam var
2018,81282,,20180101,N,1250,Long qt syn gene dup/dlt var
2018,81283,,20180101,N,75.44,Ifnl3 gene
2018,81287,,20180101,N,124.64,Mgmt gene methylation anal
2018,81288,,20180101,N,192.32,Mlh1 gene
2018,81290,,20180101,N,39.31,Mcoln1 gene
2018,81291,,20180101,N,65.34,Mthfr gene
2018,81292,,20180101,N,675.4,Mlh1 gene full seq
2018,81293,,20180101,N,331,Mlh1 gene known variants
2018,81294,,20180101,N,202.4,Mlh1 gene dup/delete variant
2018,81295,,20180101,N,381.7,Msh2 gene full seq
2018,81296,,20180101,N,337.73,Msh2 gene known variants
2018,81297,,20180101,N,213.3,Msh2 gene dup/delete variant
2018,81298,,20180101,N,641.85,Msh6 gene full seq
2018,81299,,20180101,N,308,Msh6 gene known variants
2018,81300,,20180101,N,238,Msh6 gene dup/delete variant
2018,81301,,20180101,N,357.48,Microsatellite instability
2018,81302,,20180101,N,527.87,Mecp2 gene full seq
2018,81303,,20180101,N,120,Mecp2 gene known variant
2018,81304,,20180101,N,150,Mecp2 gene dup/delet variant
2018,81310,,20180101,N,246.52,Npm1 gene
2018,81311,,20180101,N,295.79,Nras gene variants exon 2&3
2018,81313,,20180101,N,255.05,Pca3/klk3 antigen
2018,81314,,20180101,N,329.51,Pdgfra gene
2018,81315,,20180101,N,255.94,Pml/raralpha com breakpoints
2018,81316,,20180101,N,255.94,Pml/raralpha 1 breakpoint
2018,81317,,20180101,N,707.02,Pms2 gene full seq analysis
2018,81318,,20180101,N,331,Pms2 known familial variants
2018,81319,,20180101,N,203.5,Pms2 gene dup/delet variants
2018,81321,,20180101,N,600,Pten gene full sequence
2018,81322,,20180101,N,52.85,Pten gene known fam variant
2018,81323,,20180101,N,300,Pten gene dup/delet variant
2018,81324,,20180101,N,758.36,Pmp22 gene dup/delet
2018,81325,,20180101,N,769.58,Pmp22 gene full sequence
2018,81326,,20180101,N,52.85,Pmp22 gene known fam variant
2018,81327,,20180101,L,0,Sept9 methylation analysis
2018,81328,,20180101,N,174.81,Slco1b1 gene com variants
2018,81330,,20180101,N,47,Smpd1 gene common variants
2018,81331,,20180101,N,51.07,Snrpn/ube3a gene
2018,81332,,20180101,N,53.89,Serpina1 gene
2018,81334,,20180101,N,329.51,Runx1 gene targeted seq alys
2018,81335,,20180101,N,174.81,Tpmt gene com variants
2018,81340,,20180101,N,257.92,Trb@ gene rearrange amplify
2018,81341,,20180101,N,61.22,Trb@ gene rearrange dirprobe
2018,81342,,20180101,N,248.76,Trg gene rearrangement anal
2018,81346,,20180101,N,174.81,Tyms gene com variants
2018,81350,,20180101,N,234,Ugt1a1 gene
2018,81355,,20180101,N,88.2,Vkorc1 gene
2018,81361,,20180101,N,174.81,Hbb gene com variants
2018,81362,,20180101,N,375.25,Hbb gene known fam variant
2018,81363,,20180101,N,202.4,Hbb gene dup/del variants
2018,81364,,20180101,N,324.58,Hbb full gene sequence
2018,81370,,20180101,N,496.45,Hla i & ii typing lr
2018,81371,,20180101,N,404.52,Hla i & ii type verify lr
2018,81372,,20180101,N,403.59,Hla i typing complete lr
2018,81373,,20180101,N,137.48,Hla i typing 1 locus lr
2018,81374,,20180101,N,89.81,Hla i typing 1 antigen lr
2018,81375,,20180101,N,272.52,Hla ii typing ag equiv lr
2018,81376,,20180101,N,150.89,Hla ii typing 1 locus lr
2018,81377,,20180101,N,113.35,Hla ii type 1 ag equiv lr
2018,81378,,20180101,N,426.63,Hla i & ii typing hr
2018,81379,,20180101,N,414.05,Hla i typing complete hr
2018,81380,,20180101,N,218.83,Hla i typing 1 locus hr
2018,81381,,20180101,N,169.9,Hla i typing 1 allele hr
2018,81382,,20180101,N,152.69,Hla ii typing 1 loc hr
2018,81383,,20180101,N,134.73,Hla ii typing 1 allele hr
2018,81400,,20180101,N,63.96,Mopath procedure level 1
2018,81401,,20180101,N,137,Mopath procedure level 2
2018,81402,,20180101,N,150.33,Mopath procedure level 3
2018,81403,,20180101,N,185.2,Mopath procedure level 4
2018,81404,,20180101,N,274.83,Mopath procedure level 5
2018,81405,,20180101,N,301.35,Mopath procedure level 6
2018,81406,,20180101,N,282.88,Mopath procedure level 7
2018,81407,,20180101,N,846.27,Mopath procedure level 8
2018,81408,,20180101,N,2000,Mopath procedure level 9
2018,81410,,20180101,N,504,Aortic dysfunction/dilation
2018,81411,,20180101,N,1350.19,Aortic dysfunction/dilation
2018,81412,,20180101,N,2448.56,Ashkenazi jewish assoc dis
2018,81413,,20180101,N,722.1,Car ion chnnlpath inc 10 gns
2018,81414,,20180101,N,722.1,Car ion chnnlpath inc 2 gns
2018,81415,,20180101,N,4780,Exome sequence analysis
2018,81416,,20180101,N,12000,Exome sequence analysis
2018,81417,,20180101,N,320,Exome re-evaluation
2018,81420,,20180101,N,759.05,Fetal chrmoml aneuploidy
2018,81422,,20180101,N,759.05,Fetal chrmoml microdeltj
2018,81425,,20180101,L,0,Genome sequence analysis
2018,81426,,20180101,L,0,Genome sequence analysis
2018,81427,,20180101,L,0,Genome re-evaluation
2018,81430,,20180101,N,1625,Hearing loss sequence analys
2018,81431,,20180101,N,679.57,Hearing loss dup/del analys
2018,81432,,20180101,N,838.33,Hrdtry brst ca-rlatd dsordrs
2018,81433,,20180101,N,541.89,Hrdtry brst ca-rlatd dsordrs
2018,81434,,20180101,N,597.91,Hereditary retinal disorders
2018,81435,,20180101,N,722.1,Hereditary colon ca dsordrs
2018,81436,,20180101,N,722.1,Hereditary colon ca dsordrs
2018,81437,,20180101,N,541.89,Heredtry nurondcrn tum dsrdr
2018,81438,,20180101,N,541.89,Heredtry nurondcrn tum dsrdr
2018,81439,,20180101,N,722.1,Hrdtry cardmypy gene panel
2018,81440,,20180101,N,3324,Mitochondrial gene
2018,81442,,20180101,N,2143.6,Noonan spectrum disorders
2018,81445,,20180101,N,597.91,Targeted genomic seq analys
2018,81448,,20180101,N,722.1,Hrdtry perph neurphy panel
2018,81450,,20180101,N,759.53,Targeted genomic seq analys
2018,81455,,20180101,N,2919.6,Targeted genomic seq analys
2018,81460,,20180101,N,1287,Whole mitochondrial genome
2018,81465,,20180101,N,936,Whole mitochondrial genome
2018,81470,,20180101,L,0,X-linked intellectual dblt
2018,81471,,20180101,L,0,X-linked intellectual dblt
2018,81490,,20180101,N,840.65,Autoimmune rheumatoid arthr
2018,81493,,20180101,N,1050,Cor artery disease mrna
2018,81500,,20180101,N,260.5,Onco (ovar) two proteins
2018,81503,,20180101,N,897,Onco (ovar) five proteins
2018,81504,,20180101,N,520,Oncology tissue of origin
2018,81506,,20180101,N,81.03,Endo assay seven anal
2018,81507,,20180101,N,795,Fetal aneuploidy trisom risk
2018,81508,,20180101,N,54.3,Ftl cgen abnor two proteins
2018,81509,,20180101,N,1487.37,Ftl cgen abnor 3 proteins
2018,81510,,20180101,N,55.54,Ftl cgen abnor three anal
2018,81511,,20180101,N,153.5,Ftl cgen abnor four anal
2018,81512,,20180101,N,69.52,Ftl cgen abnor five anal
2018,81519,,20180101,N,3873,Oncology breast mrna
2018,81520,,20180101,N,3099.02,Onc breast mrna 58 genes
2018,81521,,20180101,N,3873,Onc breast mrna 70 genes
2018,81525,,20180101,N,3116,Oncology colon mrna
2018,81528,,20180101,N,508.87,Oncology colorectal scr
2018,81535,,20180101,N,579.46,Oncology gynecologic
2018,81536,,20180101,N,177.56,Oncology gynecologic
2018,81538,,20180101,N,2871,Oncology lung
2018,81539,,20180101,N,760,Oncology prostate prob score
2018,81540,,20180101,N,3750,Oncology tum unknown origin
2018,81541,,20180101,N,3873,Onc prostate mrna 46 genes
2018,81545,,20180101,N,3600,Oncology thyroid
2018,81551,,20180101,L,0,Onc prostate 3 genes
2018,81595,,20180101,N,3240,Cardiology hrt trnspl mrna
2018,82009,,20180101,N,5.58,Test for acetone/ketones
2018,82010,,20180101,N,10.09,Acetone assay
2018,82010,QW,20180101,N,10.09,Acetone assay
2018,82013,,20180101,N,13.79,Acetylcholinesterase assay
2018,82016,,20180101,N,17.13,Acylcarnitines qual
2018,82017,,20180101,N,20.83,Acylcarnitines quant
2018,82024,,20180101,N,47.68,Assay of acth
2018,82030,,20180101,N,31.85,Assay of adp & amp
2018,82040,,20180101,N,6.11,Assay of serum albumin
2018,82040,QW,20180101,N,6.11,Assay of serum albumin
2018,82042,,20180101,N,7.78,Other source albumin quan ea
2018,82042,QW,20180101,N,7.78,Other source albumin quan ea
2018,82043,,20180101,N,7.14,Ur albumin quantitative
2018,82043,QW,20180101,N,7.14,Ur albumin quantitative
2018,82044,,20180101,N,6.23,Ur albumin semiquantitative
2018,82044,QW,20180101,N,6.23,Ur albumin semiquantitative
2018,82045,,20180101,N,41.9,Albumin ischemia modified
2018,82075,,20180101,N,30,Assay of breath ethanol
2018,82085,,20180101,N,11.99,Assay of aldolase
2018,82088,,20180101,N,50.31,Assay of aldosterone
2018,82103,,20180101,N,16.59,Alpha-1-antitrypsin total
2018,82104,,20180101,N,17.86,Alpha-1-antitrypsin pheno
2018,82105,,20180101,N,20.71,Alpha-fetoprotein serum
2018,82106,,20180101,N,20.71,Alpha-fetoprotein amniotic
2018,82107,,20180101,N,79.52,Alpha-fetoprotein l3
2018,82108,,20180101,N,31.46,Assay of aluminum
2018,82120,,20180101,N,5.99,Amines vaginal fluid qual
2018,82120,QW,20180101,N,5.99,Amines vaginal fluid qual
2018,82127,,20180101,N,17.13,Amino acid single qual
2018,82128,,20180101,N,17.13,Amino acids mult qual
2018,82131,,20180101,N,22.98,Amino acids single quant
2018,82135,,20180101,N,20.31,Assay aminolevulinic acid
2018,82136,,20180101,N,20.83,Amino acids quant 2-5
2018,82139,,20180101,N,20.83,Amino acids quan 6 or more
2018,82140,,20180101,N,17.99,Assay of ammonia
2018,82143,,20180101,N,9.35,Amniotic fluid scan
2018,82150,,20180101,N,8,Assay of amylase
2018,82150,QW,20180101,N,8,Assay of amylase
2018,82154,,20180101,N,35.6,Androstanediol glucuronide
2018,82157,,20180101,N,36.14,Assay of androstenedione
2018,82160,,20180101,N,30.87,Assay of androsterone
2018,82163,,20180101,N,25.34,Assay of angiotensin ii
2018,82164,,20180101,N,18.03,Angiotensin i enzyme test
2018,82172,,20180101,N,21.09,Assay of apolipoprotein
2018,82175,,20180101,N,23.42,Assay of arsenic
2018,82180,,20180101,N,12.2,Assay of ascorbic acid
2018,82190,,20180101,N,18.41,Atomic absorption
2018,82232,,20180101,N,19.97,Assay of beta-2 protein
2018,82239,,20180101,N,21.14,Bile acids total
2018,82240,,20180101,N,32.81,Bile acids cholylglycine
2018,82247,,20180101,N,6.19,Bilirubin total
2018,82247,QW,20180101,N,6.19,Bilirubin total
2018,82248,,20180101,N,6.19,Bilirubin direct
2018,82252,,20180101,N,5.63,Fecal bilirubin test
2018,82261,,20180101,N,20.83,Assay of biotinidase
2018,82270,,20180101,N,4.38,Occult blood feces
2018,82271,,20180101,N,5.32,Occult blood other sources
2018,82271,QW,20180101,N,5.32,Occult blood other sources
2018,82272,,20180101,N,4.23,Occult bld feces 1-3 tests
2018,82274,,20180101,N,19.64,Assay test for blood fecal
2018,82274,QW,20180101,N,19.64,Assay test for blood fecal
2018,82286,,20180101,N,6.37,Assay of bradykinin
2018,82300,,20180101,N,28.58,Assay of cadmium
2018,82306,,20180101,N,36.55,Vitamin d 25 hydroxy
2018,82308,,20180101,N,33.08,Assay of calcitonin
2018,82310,,20180101,N,6.37,Assay of calcium
2018,82310,QW,20180101,N,6.37,Assay of calcium
2018,82330,,20180101,N,16.88,Assay of calcium
2018,82330,QW,20180101,N,16.88,Assay of calcium
2018,82331,,20180101,N,13.34,Calcium infusion test
2018,82340,,20180101,N,7.44,Assay of calcium in urine
2018,82355,,20180101,N,14.29,Calculus analysis qual
2018,82360,,20180101,N,15.89,Calculus assay quant
2018,82365,,20180101,N,15.92,Calculus spectroscopy
2018,82370,,20180101,N,15.46,X-ray assay calculus
2018,82373,,20180101,N,22.29,Assay c-d transfer measure
2018,82374,,20180101,N,6.03,Assay blood carbon dioxide
2018,82374,QW,20180101,N,6.03,Assay blood carbon dioxide
2018,82375,,20180101,N,15.21,Assay carboxyhb quant
2018,82376,,20180101,N,14.07,Assay carboxyhb qual
2018,82378,,20180101,N,23.41,Carcinoembryonic antigen
2018,82379,,20180101,N,20.83,Assay of carnitine
2018,82380,,20180101,N,11.39,Assay of carotene
2018,82382,,20180101,N,27.3,Assay urine catecholamines
2018,82383,,20180101,N,30.93,Assay blood catecholamines
2018,82384,,20180101,N,31.18,Assay three catecholamines
2018,82387,,20180101,N,22.29,Assay of cathepsin-d
2018,82390,,20180101,N,13.26,Assay of ceruloplasmin
2018,82397,,20180101,N,17.43,Chemiluminescent assay
2018,82415,,20180101,N,15.64,Assay of chloramphenicol
2018,82435,,20180101,N,5.68,Assay of blood chloride
2018,82435,QW,20180101,N,5.68,Assay of blood chloride
2018,82436,,20180101,N,6.21,Assay of urine chloride
2018,82438,,20180101,N,6.03,Assay other fluid chlorides
2018,82441,,20180101,N,7.42,Test for chlorohydrocarbons
2018,82465,,20180101,N,5.37,Assay bld/serum cholesterol
2018,82465,QW,20180101,N,5.37,Assay bld/serum cholesterol
2018,82480,,20180101,N,9.72,Assay serum cholinesterase
2018,82482,,20180101,N,9.81,Assay rbc cholinesterase
2018,82485,,20180101,N,25.5,Assay chondroitin sulfate
2018,82495,,20180101,N,25.04,Assay of chromium
2018,82507,,20180101,N,34.33,Assay of citrate
2018,82523,,20180101,N,23.07,Collagen crosslinks
2018,82523,QW,20180101,N,23.07,Collagen crosslinks
2018,82525,,20180101,N,15.32,Assay of copper
2018,82528,,20180101,N,27.8,Assay of corticosterone
2018,82530,,20180101,N,20.63,Cortisol free
2018,82533,,20180101,N,20.12,Total cortisol
2018,82540,,20180101,N,5.72,Assay of creatine
2018,82542,,20180101,N,24.09,Col chromotography qual/quan
2018,82550,,20180101,N,8.04,Assay of ck (cpk)
2018,82550,QW,20180101,N,8.04,Assay of ck (cpk)
2018,82552,,20180101,N,16.53,Assay of cpk in blood
2018,82553,,20180101,N,14.26,Creatine mb fraction
2018,82554,,20180101,N,14.65,Creatine isoforms
2018,82565,,20180101,N,6.33,Assay of creatinine
2018,82565,QW,20180101,N,6.33,Assay of creatinine
2018,82570,,20180101,N,6.39,Assay of urine creatinine
2018,82570,QW,20180101,N,6.39,Assay of urine creatinine
2018,82575,,20180101,N,11.67,Creatinine clearance test
2018,82585,,20180101,N,14.14,Assay of cryofibrinogen
2018,82595,,20180101,N,7.98,Assay of cryoglobulin
2018,82600,,20180101,N,23.95,Assay of cyanide
2018,82607,,20180101,N,18.61,Vitamin b-12
2018,82608,,20180101,N,17.68,B-12 binding capacity
2018,82610,,20180101,N,18.52,Cystatin c
2018,82615,,20180101,N,10.08,Test for urine cystines
2018,82626,,20180101,N,31.2,Dehydroepiandrosterone
2018,82627,,20180101,N,27.45,Dehydroepiandrosterone
2018,82633,,20180101,N,38.25,Desoxycorticosterone
2018,82634,,20180101,N,36.14,Deoxycortisol
2018,82638,,20180101,N,15.12,Assay of dibucaine number
2018,82652,,20180101,N,47.53,Vit d 1 25-dihydroxy
2018,82656,,20180101,N,14.24,Pancreatic elastase fecal
2018,82657,,20180101,N,22.29,Enzyme cell activity
2018,82658,,20180101,N,44.03,Enzyme cell activity ra
2018,82664,,20180101,N,61.5,Electrophoretic test
2018,82668,,20180101,N,23.2,Assay of erythropoietin
2018,82670,,20180101,N,34.49,Assay of estradiol
2018,82671,,20180101,N,39.88,Assay of estrogens
2018,82672,,20180101,N,26.78,Assay of estrogen
2018,82677,,20180101,N,29.85,Assay of estriol
2018,82679,,20180101,N,30.81,Assay of estrone
2018,82679,QW,20180101,N,30.81,Assay of estrone
2018,82693,,20180101,N,18.4,Assay of ethylene glycol
2018,82696,,20180101,N,29.12,Assay of etiocholanolone
2018,82705,,20180101,N,6.29,Fats/lipids feces qual
2018,82710,,20180101,N,20.75,Fats/lipids feces quant
2018,82715,,20180101,N,22.97,Assay of fecal fat
2018,82725,,20180101,N,18.77,Assay of blood fatty acids
2018,82726,,20180101,N,22.29,Long chain fatty acids
2018,82728,,20180101,N,16.83,Assay of ferritin
2018,82731,,20180101,N,79.52,Assay of fetal fibronectin
2018,82735,,20180101,N,22.89,Assay of fluoride
2018,82746,,20180101,N,18.15,Assay of folic acid serum
2018,82747,,20180101,N,21.38,Assay of folic acid rbc
2018,82757,,20180101,N,21.4,Assay of semen fructose
2018,82759,,20180101,N,26.52,Assay of rbc galactokinase
2018,82760,,20180101,N,13.82,Assay of galactose
2018,82775,,20180101,N,26.01,Assay galactose transferase
2018,82776,,20180101,N,11.74,Galactose transferase test
2018,82777,,20180101,N,44.25,Galectin-3
2018,82784,,20180101,N,11.48,Assay iga/igd/igg/igm each
2018,82785,,20180101,N,20.32,Assay of ige
2018,82787,,20180101,N,9.9,Igg 1 2 3 or 4 each
2018,82800,,20180101,N,11,Blood ph
2018,82803,,20180101,N,26.07,Blood gases any combination
2018,82805,,20180101,N,78.77,Blood gases w/o2 saturation
2018,82810,,20180101,N,10.77,Blood gases o2 sat only
2018,82820,,20180101,N,13.34,Hemoglobin-oxygen affinity
2018,82930,,20180101,N,6.72,Gastric analy w/ph ea spec
2018,82938,,20180101,N,21.84,Gastrin test
2018,82941,,20180101,N,21.77,Assay of gastrin
2018,82943,,20180101,N,17.64,Assay of glucagon
2018,82945,,20180101,N,4.85,Glucose other fluid
2018,82946,,20180101,N,18.61,Glucagon tolerance test
2018,82947,,20180101,N,4.85,Assay glucose blood quant
2018,82947,QW,20180101,N,4.85,Assay glucose blood quant
2018,82948,,20180101,N,5.04,Reagent strip/blood glucose
2018,82950,,20180101,N,5.86,Glucose test
2018,82950,QW,20180101,N,5.86,Glucose test
2018,82951,,20180101,N,15.89,Glucose tolerance test (gtt)
2018,82951,QW,20180101,N,15.89,Glucose tolerance test (gtt)
2018,82952,,20180101,N,4.84,Gtt-added samples
2018,82952,QW,20180101,N,4.84,Gtt-added samples
2018,82955,,20180101,N,11.97,Assay of g6pd enzyme
2018,82960,,20180101,N,7.47,Test for g6pd enzyme
2018,82962,,20180101,N,3.28,Glucose blood test
2018,82963,,20180101,N,26.52,Assay of glucosidase
2018,82965,,20180101,N,13.15,Assay of gdh enzyme
2018,82977,,20180101,N,8.89,Assay of ggt
2018,82977,QW,20180101,N,8.89,Assay of ggt
2018,82978,,20180101,N,17.6,Assay of glutathione
2018,82979,,20180101,N,11.66,Assay rbc glutathione
2018,82985,,20180101,N,18.61,Assay of glycated protein
2018,82985,QW,20180101,N,18.61,Assay of glycated protein
2018,83001,,20180101,N,22.94,Assay of gonadotropin (fsh)
2018,83001,QW,20180101,N,22.94,Assay of gonadotropin (fsh)
2018,83002,,20180101,N,22.86,Assay of gonadotropin (lh)
2018,83002,QW,20180101,N,22.86,Assay of gonadotropin (lh)
2018,83003,,20180101,N,20.58,Assay growth hormone (hgh)
2018,83006,,20180101,N,75.6,Growth stimulation gene 2
2018,83009,,20180101,N,83.16,H pylori (c-13) blood
2018,83010,,20180101,N,15.53,Assay of haptoglobin quant
2018,83012,,20180101,N,26.89,Assay of haptoglobins
2018,83013,,20180101,N,83.16,H pylori (c-13) breath
2018,83014,,20180101,N,9.7,H pylori drug admin
2018,83015,,20180101,N,23.25,Heavy metal qual any anal
2018,83018,,20180101,N,27.12,Heavy metal quant each nes
2018,83020,,20180101,N,15.89,Hemoglobin electrophoresis
2018,83021,,20180101,N,22.29,Hemoglobin chromotography
2018,83026,,20180101,N,4.01,Hemoglobin copper sulfate
2018,83030,,20180101,N,10.74,Fetal hemoglobin chemical
2018,83033,,20180101,N,8,Fetal hemoglobin assay qual
2018,83036,,20180101,N,11.99,Glycosylated hemoglobin test
2018,83036,QW,20180101,N,11.99,Glycosylated hemoglobin test
2018,83037,,20180101,N,11.99,Glycosylated hb home device
2018,83037,QW,20180101,N,11.99,Glycosylated hb home device
2018,83045,,20180101,N,6.49,Blood methemoglobin test
2018,83050,,20180101,N,9.05,Blood methemoglobin assay
2018,83051,,20180101,N,9.03,Assay of plasma hemoglobin
2018,83060,,20180101,N,10.21,Blood sulfhemoglobin assay
2018,83065,,20180101,N,9,Assay of hemoglobin heat
2018,83068,,20180101,N,10.45,Hemoglobin stability screen
2018,83069,,20180101,N,4.88,Assay of urine hemoglobin
2018,83070,,20180101,N,5.86,Assay of hemosiderin qual
2018,83080,,20180101,N,20.83,Assay of b hexosaminidase
2018,83088,,20180101,N,36.46,Assay of histamine
2018,83090,,20180101,N,20.83,Assay of homocystine
2018,83150,,20180101,N,23.89,Assay of homovanillic acid
2018,83491,,20180101,N,21.64,Assay of corticosteroids 17
2018,83497,,20180101,N,15.92,Assay of 5-hiaa
2018,83498,,20180101,N,33.54,Assay of progesterone 17-d
2018,83500,,20180101,N,27.96,Assay free hydroxyproline
2018,83505,,20180101,N,30.01,Assay total hydroxyproline
2018,83516,,20180101,N,14.24,Immunoassay nonantibody
2018,83516,QW,20180101,N,14.24,Immunoassay nonantibody
2018,83518,,20180101,N,10.47,Immunoassay dipstick
2018,83518,QW,20180101,N,10.47,Immunoassay dipstick
2018,83519,,20180101,N,18.4,Ria nonantibody
2018,83520,,20180101,N,17.27,Immunoassay quant nos nonab
2018,83520,QW,20180101,N,17.27,Immunoassay quant nos nonab
2018,83525,,20180101,N,14.11,Assay of insulin
2018,83527,,20180101,N,15.98,Assay of insulin
2018,83528,,20180101,N,19.82,Assay of intrinsic factor
2018,83540,,20180101,N,7.99,Assay of iron
2018,83550,,20180101,N,10.79,Iron binding test
2018,83570,,20180101,N,10.93,Assay of idh enzyme
2018,83582,,20180101,N,17.5,Assay of ketogenic steroids
2018,83586,,20180101,N,15.8,Assay 17- ketosteroids
2018,83593,,20180101,N,32.47,Fractionation ketosteroids
2018,83605,,20180101,N,13.19,Assay of lactic acid
2018,83605,QW,20180101,N,13.19,Assay of lactic acid
2018,83615,,20180101,N,7.45,Lactate (ld) (ldh) enzyme
2018,83625,,20180101,N,15.8,Assay of ldh enzymes
2018,83630,,20180101,N,24.24,Lactoferrin fecal (qual)
2018,83631,,20180101,N,24.24,Lactoferrin fecal (quant)
2018,83632,,20180101,N,24.97,Placental lactogen
2018,83633,,20180101,N,11.25,Test urine for lactose
2018,83655,,20180101,N,14.95,Assay of lead
2018,83655,QW,20180101,N,14.95,Assay of lead
2018,83661,,20180101,N,27.14,L/s ratio fetal lung
2018,83662,,20180101,N,23.35,Foam stability fetal lung
2018,83663,,20180101,N,23.35,Fluoro polarize fetal lung
2018,83664,,20180101,N,23.35,Lamellar bdy fetal lung
2018,83670,,20180101,N,11.31,Assay of lap enzyme
2018,83690,,20180101,N,8.51,Assay of lipase
2018,83695,,20180101,N,15.98,Assay of lipoprotein(a)
2018,83698,,20180101,N,46.31,Assay lipoprotein pla2
2018,83700,,20180101,N,13.9,Lipopro bld electrophoretic
2018,83701,,20180101,N,33.86,Lipoprotein bld hr fraction
2018,83704,,20180101,N,38.95,Lipoprotein bld quan part
2018,83718,,20180101,N,10.12,Assay of lipoprotein
2018,83718,QW,20180101,N,10.12,Assay of lipoprotein
2018,83719,,20180101,N,14.36,Assay of blood lipoprotein
2018,83721,,20180101,N,11.78,Assay of blood lipoprotein
2018,83721,QW,20180101,N,11.78,Assay of blood lipoprotein
2018,83727,,20180101,N,21.22,Assay of lrh hormone
2018,83735,,20180101,N,8.27,Assay of magnesium
2018,83775,,20180101,N,9.1,Assay malate dehydrogenase
2018,83785,,20180101,N,30.37,Assay of manganese
2018,83789,,20180101,N,24.11,Mass spectrometry qual/quan
2018,83825,,20180101,N,20.07,Assay of mercury
2018,83835,,20180101,N,20.92,Assay of metanephrines
2018,83857,,20180101,N,13.26,Assay of methemalbumin
2018,83861,,20180101,N,22.48,Microfluid analy tears
2018,83861,QW,20180101,N,22.48,Microfluid analy tears
2018,83864,,20180101,N,28.5,Mucopolysaccharides
2018,83872,,20180101,N,7.24,Assay synovial fluid mucin
2018,83873,,20180101,N,21.24,Assay of csf protein
2018,83874,,20180101,N,15.95,Assay of myoglobin
2018,83876,,20180101,N,50.86,Assay myeloperoxidase
2018,83880,,20180101,N,41.9,Assay of natriuretic peptide
2018,83880,QW,20180101,N,41.9,Assay of natriuretic peptide
2018,83883,,20180101,N,16.79,Assay nephelometry not spec
2018,83885,,20180101,N,30.26,Assay of nickel
2018,83915,,20180101,N,13.77,Assay of nucleotidase
2018,83916,,20180101,N,27.39,Oligoclonal bands
2018,83918,,20180101,N,23.6,Organic acids total quant
2018,83919,,20180101,N,20.31,Organic acids qual each
2018,83921,,20180101,N,21.21,Organic acid single quant
2018,83930,,20180101,N,8.16,Assay of blood osmolality
2018,83935,,20180101,N,8.42,Assay of urine osmolality
2018,83937,,20180101,N,36.85,Assay of osteocalcin
2018,83945,,20180101,N,15.89,Assay of oxalate
2018,83950,,20180101,N,79.52,Oncoprotein her-2/neu
2018,83951,,20180101,N,79.52,Oncoprotein dcp
2018,83970,,20180101,N,50.96,Assay of parathormone
2018,83986,,20180101,N,4.42,Assay ph body fluid nos
2018,83986,QW,20180101,N,4.42,Assay ph body fluid nos
2018,83987,,20180101,N,4.42,Exhaled breath condensate
2018,83993,,20180101,N,24.24,Assay for calprotectin fecal
2018,84030,,20180101,N,6.79,Assay of blood pku
2018,84035,,20180101,N,4.52,Assay of phenylketones
2018,84060,,20180101,N,9.12,Assay acid phosphatase
2018,84066,,20180101,N,11.93,Assay prostate phosphatase
2018,84075,,20180101,N,6.39,Assay alkaline phosphatase
2018,84075,QW,20180101,N,6.39,Assay alkaline phosphatase
2018,84078,,20180101,N,9.01,Assay alkaline phosphatase
2018,84080,,20180101,N,18.25,Assay alkaline phosphatases
2018,84081,,20180101,N,20.39,Assay phosphatidylglycerol
2018,84085,,20180101,N,11.66,Assay of rbc pg6d enzyme
2018,84087,,20180101,N,12.74,Assay phosphohexose enzymes
2018,84100,,20180101,N,5.85,Assay of phosphorus
2018,84105,,20180101,N,6.39,Assay of urine phosphorus
2018,84106,,20180101,N,5.82,Test for porphobilinogen
2018,84110,,20180101,N,10.42,Assay of porphobilinogen
2018,84112,,20180101,N,98.11,Eval amniotic fluid protein
2018,84119,,20180101,N,13.36,Test urine for porphyrins
2018,84120,,20180101,N,18.16,Assay of urine porphyrins
2018,84126,,20180101,N,39.11,Assay of feces porphyrins
2018,84132,,20180101,N,5.68,Assay of serum potassium
2018,84132,QW,20180101,N,5.68,Assay of serum potassium
2018,84133,,20180101,N,5.32,Assay of urine potassium
2018,84134,,20180101,N,18.01,Assay of prealbumin
2018,84135,,20180101,N,23.63,Assay of pregnanediol
2018,84138,,20180101,N,23.37,Assay of pregnanetriol
2018,84140,,20180101,N,25.52,Assay of pregnenolone
2018,84143,,20180101,N,28.16,Assay of 17-hydroxypregneno
2018,84144,,20180101,N,25.76,Assay of progesterone
2018,84145,,20180101,N,33.08,Procalcitonin (pct)
2018,84146,,20180101,N,23.92,Assay of prolactin
2018,84150,,20180101,N,41.77,Assay of prostaglandin
2018,84152,,20180101,N,22.71,Assay of psa complexed
2018,84153,,20180101,N,22.71,Assay of psa total
2018,84154,,20180101,N,22.71,Assay of psa free
2018,84155,,20180101,N,4.53,Assay of protein serum
2018,84155,QW,20180101,N,4.53,Assay of protein serum
2018,84156,,20180101,N,4.53,Assay of protein urine
2018,84157,,20180101,N,4.53,Assay of protein other
2018,84157,QW,20180101,N,4.53,Assay of protein other
2018,84160,,20180101,N,6.39,Assay of protein any source
2018,84163,,20180101,N,18.59,Pappa serum
2018,84165,,20180101,N,13.26,Protein e-phoresis serum
2018,84166,,20180101,N,22.01,Protein e-phoresis/urine/csf
2018,84181,,20180101,N,21.02,Western blot test
2018,84182,,20180101,N,29.21,Protein western blot test
2018,84202,,20180101,N,17.71,Assay rbc protoporphyrin
2018,84203,,20180101,N,10.63,Test rbc protoporphyrin
2018,84206,,20180101,N,26.69,Assay of proinsulin
2018,84207,,20180101,N,34.69,Assay of vitamin b-6
2018,84210,,20180101,N,14.48,Assay of pyruvate
2018,84220,,20180101,N,11.66,Assay of pyruvate kinase
2018,84228,,20180101,N,14.36,Assay of quinine
2018,84233,,20180101,N,87.88,Assay of estrogen
2018,84234,,20180101,N,80.1,Assay of progesterone
2018,84235,,20180101,N,71.23,Assay of endocrine hormone
2018,84238,,20180101,N,45.14,Assay nonendocrine receptor
2018,84244,,20180101,N,27.15,Assay of renin
2018,84252,,20180101,N,24.98,Assay of vitamin b-2
2018,84255,,20180101,N,31.52,Assay of selenium
2018,84260,,20180101,N,38.25,Assay of serotonin
2018,84270,,20180101,N,26.83,Assay of sex hormone globul
2018,84275,,20180101,N,16.59,Assay of sialic acid
2018,84285,,20180101,N,29.06,Assay of silica
2018,84295,,20180101,N,5.94,Assay of serum sodium
2018,84295,QW,20180101,N,5.94,Assay of serum sodium
2018,84300,,20180101,N,6,Assay of urine sodium
2018,84302,,20180101,N,6,Assay of sweat sodium
2018,84305,,20180101,N,26.25,Assay of somatomedin
2018,84307,,20180101,N,22.56,Assay of somatostatin
2018,84311,,20180101,N,8.63,Spectrophotometry
2018,84315,,20180101,N,3.28,Body fluid specific gravity
2018,84375,,20180101,N,39,Chromatogram assay sugars
2018,84376,,20180101,N,6.79,Sugars single qual
2018,84377,,20180101,N,6.79,Sugars multiple qual
2018,84378,,20180101,N,14.23,Sugars single quant
2018,84379,,20180101,N,14.23,Sugars multiple quant
2018,84392,,20180101,N,5.86,Assay of urine sulfate
2018,84402,,20180101,N,31.45,Assay of free testosterone
2018,84403,,20180101,N,31.87,Assay of total testosterone
2018,84410,,20180101,N,63.32,Testosterone bioavailable
2018,84425,,20180101,N,26.21,Assay of vitamin b-1
2018,84430,,20180101,N,14.36,Assay of thiocyanate
2018,84431,,20180101,N,35.11,Thromboxane urine
2018,84432,,20180101,N,19.83,Assay of thyroglobulin
2018,84436,,20180101,N,8.48,Assay of total thyroxine
2018,84437,,20180101,N,7.98,Assay of neonatal thyroxine
2018,84439,,20180101,N,11.13,Assay of free thyroxine
2018,84442,,20180101,N,18.25,Assay of thyroid activity
2018,84443,,20180101,N,20.75,Assay thyroid stim hormone
2018,84443,QW,20180101,N,20.75,Assay thyroid stim hormone
2018,84445,,20180101,N,62.78,Assay of tsi globulin
2018,84446,,20180101,N,17.51,Assay of vitamin e
2018,84449,,20180101,N,22.22,Assay of transcortin
2018,84450,,20180101,N,6.39,Transferase (ast) (sgot)
2018,84450,QW,20180101,N,6.39,Transferase (ast) (sgot)
2018,84460,,20180101,N,6.54,Alanine amino (alt) (sgpt)
2018,84460,QW,20180101,N,6.54,Alanine amino (alt) (sgpt)
2018,84466,,20180101,N,15.76,Assay of transferrin
2018,84478,,20180101,N,7.09,Assay of triglycerides
2018,84478,QW,20180101,N,7.09,Assay of triglycerides
2018,84479,,20180101,N,7.98,Assay of thyroid (t3 or t4)
2018,84480,,20180101,N,17.51,Assay triiodothyronine (t3)
2018,84481,,20180101,N,20.92,Free assay (ft-3)
2018,84482,,20180101,N,19.46,T3 reverse
2018,84484,,20180101,N,12.47,Assay of troponin quant
2018,84485,,20180101,N,8.89,Assay duodenal fluid trypsin
2018,84488,,20180101,N,9.01,Test feces for trypsin
2018,84490,,20180101,N,9.93,Assay of feces for trypsin
2018,84510,,20180101,N,12.84,Assay of tyrosine
2018,84512,,20180101,N,10.09,Assay of troponin qual
2018,84520,,20180101,N,4.88,Assay of urea nitrogen
2018,84520,QW,20180101,N,4.88,Assay of urea nitrogen
2018,84525,,20180101,N,5.13,Urea nitrogen semi-quant
2018,84540,,20180101,N,5.86,Assay of urine/urea-n
2018,84545,,20180101,N,8.16,Urea-n clearance test
2018,84550,,20180101,N,5.58,Assay of blood/uric acid
2018,84550,QW,20180101,N,5.58,Assay of blood/uric acid
2018,84560,,20180101,N,5.86,Assay of urine/uric acid
2018,84577,,20180101,N,20.75,Assay of feces/urobilinogen
2018,84578,,20180101,N,4.47,Test urine urobilinogen
2018,84580,,20180101,N,10.08,Assay of urine urobilinogen
2018,84583,,20180101,N,6.21,Assay of urine urobilinogen
2018,84585,,20180101,N,19.13,Assay of urine vma
2018,84586,,20180101,N,43.62,Assay of vip
2018,84588,,20180101,N,41.9,Assay of vasopressin
2018,84590,,20180101,N,14.33,Assay of vitamin a
2018,84591,,20180101,N,17.06,Assay of nos vitamin
2018,84597,,20180101,N,16.94,Assay of vitamin k
2018,84600,,20180101,N,19.85,Assay of volatiles
2018,84620,,20180101,N,14.63,Xylose tolerance test
2018,84630,,20180101,N,14.06,Assay of zinc
2018,84681,,20180101,N,25.7,Assay of c-peptide
2018,84702,,20180101,N,18.59,Chorionic gonadotropin test
2018,84703,,20180101,N,9.29,Chorionic gonadotropin assay
2018,84703,QW,20180101,N,9.29,Chorionic gonadotropin assay
2018,84704,,20180101,N,18.59,Hcg free betachain test
2018,84830,,20180101,N,12.7,Ovulation tests
2018,85002,,20180101,N,5.57,Bleeding time test
2018,85004,,20180101,N,7.98,Automated diff wbc count
2018,85007,,20180101,N,4.24,Bl smear w/diff wbc count
2018,85008,,20180101,N,4.24,Bl smear w/o diff wbc count
2018,85009,,20180101,N,5.07,Manual diff wbc count b-coat
2018,85013,,20180101,N,7,Spun microhematocrit
2018,85014,,20180101,N,2.93,Hematocrit
2018,85014,QW,20180101,N,2.93,Hematocrit
2018,85018,,20180101,N,2.93,Hemoglobin
2018,85018,QW,20180101,N,2.93,Hemoglobin
2018,85025,,20180101,N,9.59,Complete cbc w/auto diff wbc
2018,85025,QW,20180101,N,9.59,Complete cbc w/auto diff wbc
2018,85027,,20180101,N,7.98,Complete cbc automated
2018,85032,,20180101,N,5.32,Manual cell count each
2018,85041,,20180101,N,3.73,Automated rbc count
2018,85044,,20180101,N,5.32,Manual reticulocyte count
2018,85045,,20180101,N,4.93,Automated reticulocyte count
2018,85046,,20180101,N,6.88,Reticyte/hgb concentrate
2018,85048,,20180101,N,3.13,Automated leukocyte count
2018,85049,,20180101,N,5.53,Automated platelet count
2018,85055,,20180101,N,35.74,Reticulated platelet assay
2018,85130,,20180101,N,14.68,Chromogenic substrate assay
2018,85170,,20180101,N,16.3,Blood clot retraction
2018,85175,,20180101,N,20.37,Blood clot lysis time
2018,85210,,20180101,N,16.03,Clot factor ii prothrom spec
2018,85220,,20180101,N,21.79,Blooc clot factor v test
2018,85230,,20180101,N,22.1,Clot factor vii proconvertin
2018,85240,,20180101,N,22.1,Clot factor viii ahg 1 stage
2018,85244,,20180101,N,25.21,Clot factor viii reltd antgn
2018,85245,,20180101,N,28.32,Clot factor viii vw ristoctn
2018,85246,,20180101,N,28.32,Clot factor viii vw antigen
2018,85247,,20180101,N,28.32,Clot factor viii multimetric
2018,85250,,20180101,N,23.51,Clot factor ix ptc/chrstmas
2018,85260,,20180101,N,22.1,Clot factor x stuart-power
2018,85270,,20180101,N,22.1,Clot factor xi pta
2018,85280,,20180101,N,23.89,Clot factor xii hageman
2018,85290,,20180101,N,20.17,Clot factor xiii fibrin stab
2018,85291,,20180101,N,10.98,Clot factor xiii fibrin scrn
2018,85292,,20180101,N,23.37,Clot factor fletcher fact
2018,85293,,20180101,N,23.37,Clot factor wght kininogen
2018,85300,,20180101,N,14.63,Antithrombin iii activity
2018,85301,,20180101,N,13.35,Antithrombin iii antigen
2018,85302,,20180101,N,14.83,Clot inhibit prot c antigen
2018,85303,,20180101,N,17.08,Clot inhibit prot c activity
2018,85305,,20180101,N,14.33,Clot inhibit prot s total
2018,85306,,20180101,N,18.92,Clot inhibit prot s free
2018,85307,,20180101,N,18.92,Assay activated protein c
2018,85335,,20180101,N,15.89,Factor inhibitor test
2018,85337,,20180101,N,17.27,Thrombomodulin
2018,85345,,20180101,N,5.32,Coagulation time lee & white
2018,85347,,20180101,N,5.26,Coagulation time activated
2018,85348,,20180101,N,4.6,Coagulation time otr method
2018,85360,,20180101,N,10.38,Euglobulin lysis
2018,85362,,20180101,N,8.51,Fibrin degradation products
2018,85366,,20180101,N,80.46,Fibrinogen test
2018,85370,,20180101,N,14.02,Fibrinogen test
2018,85378,,20180101,N,9.72,Fibrin degrade semiquant
2018,85379,,20180101,N,12.56,Fibrin degradation quant
2018,85380,,20180101,N,12.56,Fibrin degradj d-dimer
2018,85384,,20180101,N,10.49,Fibrinogen activity
2018,85385,,20180101,N,14.46,Fibrinogen antigen
2018,85390,,20180101,N,15.48,Fibrinolysins screen i&r
2018,85397,,20180101,N,30.86,Clotting funct activity
2018,85400,,20180101,N,9.51,Fibrinolytic plasmin
2018,85410,,20180101,N,9.51,Fibrinolytic antiplasmin
2018,85415,,20180101,N,21.22,Fibrinolytic plasminogen
2018,85420,,20180101,N,8.06,Fibrinolytic plasminogen
2018,85421,,20180101,N,12.57,Fibrinolytic plasminogen
2018,85441,,20180101,N,5.18,Heinz bodies direct
2018,85445,,20180101,N,8.42,Heinz bodies induced
2018,85460,,20180101,N,9.55,Hemoglobin fetal
2018,85461,,20180101,N,9.36,Hemoglobin fetal
2018,85475,,20180101,N,10.95,Hemolysin acid
2018,85520,,20180101,N,16.16,Heparin assay
2018,85525,,20180101,N,14.62,Heparin neutralization
2018,85530,,20180101,N,16.16,Heparin-protamine tolerance
2018,85536,,20180101,N,7.98,Iron stain peripheral blood
2018,85540,,20180101,N,10.62,Wbc alkaline phosphatase
2018,85547,,20180101,N,10.62,Rbc mechanical fragility
2018,85549,,20180101,N,23.15,Muramidase
2018,85555,,20180101,N,8.25,Rbc osmotic fragility
2018,85557,,20180101,N,16.49,Rbc osmotic fragility
2018,85576,,20180101,N,26.52,Blood platelet aggregation
2018,85576,QW,20180101,N,26.52,Blood platelet aggregation
2018,85597,,20180101,N,22.19,Phospholipid pltlt neutraliz
2018,85598,,20180101,N,22.19,Hexagnal phosph pltlt neutrl
2018,85610,,20180101,N,4.85,Prothrombin time
2018,85610,QW,20180101,N,4.85,Prothrombin time
2018,85611,,20180101,N,4.87,Prothrombin test
2018,85612,,20180101,N,17.49,Viper venom prothrombin time
2018,85613,,20180101,N,11.83,Russell viper venom diluted
2018,85635,,20180101,N,12.16,Reptilase test
2018,85651,,20180101,N,4.38,Rbc sed rate nonautomated
2018,85652,,20180101,N,3.33,Rbc sed rate automated
2018,85660,,20180101,N,6.8,Rbc sickle cell test
2018,85670,,20180101,N,7.12,Thrombin time plasma
2018,85675,,20180101,N,8.45,Thrombin time titer
2018,85705,,20180101,N,11.89,Thromboplastin inhibition
2018,85730,,20180101,N,7.42,Thromboplastin time partial
2018,85732,,20180101,N,7.98,Thromboplastin time partial
2018,85810,,20180101,N,14.41,Blood viscosity examination
2018,86000,,20180101,N,8.62,Agglutinins febrile antigen
2018,86001,,20180101,N,7.82,Allergen specific igg
2018,86003,,20180101,N,6.44,Allg spec ige crude xtrc ea
2018,86005,,20180101,N,9.84,Allg spec ige multiallg scr
2018,86008,,20180101,N,22.14,Allg spec ige recomb ea
2018,86021,,20180101,N,18.59,Wbc antibody identification
2018,86022,,20180101,N,22.68,Platelet antibodies
2018,86023,,20180101,N,15.38,Immunoglobulin assay
2018,86038,,20180101,N,14.92,Antinuclear antibodies
2018,86039,,20180101,N,13.78,Antinuclear antibodies (ana)
2018,86060,,20180101,N,9.01,Antistreptolysin o titer
2018,86063,,20180101,N,7.12,Antistreptolysin o screen
2018,86140,,20180101,N,6.39,C-reactive protein
2018,86141,,20180101,N,15.98,C-reactive protein hs
2018,86146,,20180101,N,31.42,Beta-2 glycoprotein antibody
2018,86147,,20180101,N,31.42,Cardiolipin antibody ea ig
2018,86148,,20180101,N,19.84,Anti-phospholipid antibody
2018,86152,,20180101,N,303.34,Cell enumeration & id
2018,86155,,20180101,N,19.74,Chemotaxis assay
2018,86156,,20180101,N,8.27,Cold agglutinin screen
2018,86157,,20180101,N,9.95,Cold agglutinin titer
2018,86160,,20180101,N,14.81,Complement antigen
2018,86161,,20180101,N,14.81,Complement/function activity
2018,86162,,20180101,N,25.09,Complement total (ch50)
2018,86171,,20180101,N,12.36,Complement fixation each
2018,86200,,20180101,N,15.98,Ccp antibody
2018,86215,,20180101,N,16.35,Deoxyribonuclease antibody
2018,86225,,20180101,N,16.97,Dna antibody native
2018,86226,,20180101,N,14.95,Dna antibody single strand
2018,86235,,20180101,N,22.14,Nuclear antigen antibody
2018,86255,,20180101,N,14.88,Fluorescent antibody screen
2018,86256,,20180101,N,14.88,Fluorescent antibody titer
2018,86277,,20180101,N,19.43,Growth hormone antibody
2018,86280,,20180101,N,10.12,Hemagglutination inhibition
2018,86294,,20180101,N,25.57,Immunoassay tumor qual
2018,86294,QW,20180101,N,25.57,Immunoassay tumor qual
2018,86300,,20180101,N,25.7,Immunoassay tumor ca 15-3
2018,86301,,20180101,N,25.7,Immunoassay tumor ca 19-9
2018,86304,,20180101,N,25.7,Immunoassay tumor ca 125
2018,86305,,20180101,N,25.7,Human epididymis protein 4
2018,86308,,20180101,N,6.39,Heterophile antibody screen
2018,86308,QW,20180101,N,6.39,Heterophile antibody screen
2018,86309,,20180101,N,7.98,Heterophile antibody titer
2018,86310,,20180101,N,9.1,Heterophile antibody absrbj
2018,86316,,20180101,N,25.7,Immunoassay tumor other
2018,86317,,20180101,N,18.5,Immunoassay infectious agent
2018,86318,,20180101,N,18.09,Immunoassay infectious agent
2018,86318,QW,20180101,N,18.09,Immunoassay infectious agent
2018,86320,,20180101,N,29.92,Serum immunoelectrophoresis
2018,86325,,20180101,N,27.61,Other immunoelectrophoresis
2018,86327,,20180101,N,29.92,Immunoelectrophoresis assay
2018,86329,,20180101,N,17.34,Immunodiffusion nes
2018,86331,,20180101,N,14.79,Immunodiffusion ouchterlony
2018,86332,,20180101,N,30.09,Immune complex assay
2018,86334,,20180101,N,27.59,Immunofix e-phoresis serum
2018,86335,,20180101,N,36.23,Immunfix e-phorsis/urine/csf
2018,86336,,20180101,N,19.24,Inhibin a
2018,86337,,20180101,N,26.43,Insulin antibodies
2018,86340,,20180101,N,18.61,Intrinsic factor antibody
2018,86341,,20180101,N,24.43,Islet cell antibody
2018,86343,,20180101,N,15.38,Leukocyte histamine release
2018,86344,,20180101,N,10.39,Leukocyte phagocytosis
2018,86352,,20180101,N,167.73,Cell function assay w/stim
2018,86353,,20180101,N,60.53,Lymphocyte transformation
2018,86355,,20180101,N,46.58,B cells total count
2018,86356,,20180101,N,33.06,Mononuclear cell antigen
2018,86357,,20180101,N,46.58,Nk cells total count
2018,86359,,20180101,N,46.58,T cells total count
2018,86360,,20180101,N,58.01,T cell absolute count/ratio
2018,86361,,20180101,N,33.06,T cell absolute count
2018,86367,,20180101,N,77.78,Stem cells total count
2018,86376,,20180101,N,17.96,Microsomal antibody each
2018,86382,,20180101,N,20.88,Neutralization test viral
2018,86384,,20180101,N,14.06,Nitroblue tetrazolium dye
2018,86386,,20180101,N,21.78,Nuclear matrix protein 22
2018,86386,QW,20180101,N,21.78,Nuclear matrix protein 22
2018,86403,,20180101,N,12.58,Particle agglut antbdy scrn
2018,86406,,20180101,N,13.13,Particle agglut antbdy titr
2018,86430,,20180101,N,7,Rheumatoid factor test qual
2018,86431,,20180101,N,7,Rheumatoid factor quant
2018,86480,,20180101,N,76.52,Tb test cell immun measure
2018,86481,,20180101,N,100,Tb ag response t-cell susp
2018,86590,,20180101,N,13.64,Streptokinase antibody
2018,86592,,20180101,N,5.27,Syphilis test non-trep qual
2018,86593,,20180101,N,5.44,Syphilis test non-trep quant
2018,86602,,20180101,N,12.56,Antinomyces antibody
2018,86603,,20180101,N,15.89,Adenovirus antibody
2018,86606,,20180101,N,18.59,Aspergillus antibody
2018,86609,,20180101,N,15.9,Bacterium antibody
2018,86611,,20180101,N,12.56,Bartonella antibody
2018,86612,,20180101,N,15.93,Blastomyces antibody
2018,86615,,20180101,N,16.28,Bordetella antibody
2018,86617,,20180101,N,19.13,Lyme disease antibody
2018,86618,,20180101,N,21.02,Lyme disease antibody
2018,86618,QW,20180101,N,21.02,Lyme disease antibody
2018,86619,,20180101,N,16.52,Borrelia antibody
2018,86622,,20180101,N,11.03,Brucella antibody
2018,86625,,20180101,N,16.2,Campylobacter antibody
2018,86628,,20180101,N,14.82,Candida antibody
2018,86631,,20180101,N,14.6,Chlamydia antibody
2018,86632,,20180101,N,15.66,Chlamydia igm antibody
2018,86635,,20180101,N,14.17,Coccidioides antibody
2018,86638,,20180101,N,14.97,Q fever antibody
2018,86641,,20180101,N,17.79,Cryptococcus antibody
2018,86644,,20180101,N,17.77,Cmv antibody
2018,86645,,20180101,N,20.8,Cmv antibody igm
2018,86648,,20180101,N,18.77,Diphtheria antibody
2018,86651,,20180101,N,16.28,Encephalitis californ antbdy
2018,86652,,20180101,N,16.28,Encephaltis east eqne anbdy
2018,86653,,20180101,N,16.28,Encephaltis st louis antbody
2018,86654,,20180101,N,16.28,Encephaltis west eqne antbdy
2018,86658,,20180101,N,16.08,Enterovirus antibody
2018,86663,,20180101,N,16.2,Epstein-barr antibody
2018,86664,,20180101,N,18.88,Epstein-barr nuclear antigen
2018,86665,,20180101,N,22.4,Epstein-barr capsid vca
2018,86666,,20180101,N,12.56,Ehrlichia antibody
2018,86668,,20180101,N,14.16,Francisella tularensis
2018,86671,,20180101,N,15.13,Fungus nes antibody
2018,86674,,20180101,N,18.17,Giardia lamblia antibody
2018,86677,,20180101,N,17.91,Helicobacter pylori antibody
2018,86682,,20180101,N,16.06,Helminth antibody
2018,86684,,20180101,N,19.56,Hemophilus influenza antibdy
2018,86687,,20180101,N,10.36,Htlv-i antibody
2018,86688,,20180101,N,17.29,Htlv-ii antibody
2018,86689,,20180101,N,23.9,Htlv/hiv confirmj antibody
2018,86692,,20180101,N,21.19,Hepatitis delta agent antbdy
2018,86694,,20180101,N,17.77,Herpes simplex nes antbdy
2018,86695,,20180101,N,16.28,Herpes simplex type 1 test
2018,86696,,20180101,N,23.9,Herpes simplex type 2 test
2018,86698,,20180101,N,15.43,Histoplasma antibody
2018,86701,,20180101,N,10.97,Hiv-1antibody
2018,86701,QW,20180101,N,10.97,Hiv-1antibody
2018,86702,,20180101,N,16.69,Hiv-2 antibody
2018,86703,,20180101,N,16.92,Hiv-1/hiv-2 1 result antbdy
2018,86704,,20180101,N,14.88,Hep b core antibody total
2018,86705,,20180101,N,14.54,Hep b core antibody igm
2018,86706,,20180101,N,13.26,Hep b surface antibody
2018,86707,,20180101,N,14.28,Hepatitis be antibody
2018,86708,,20180101,N,15.29,Hepatitis a antibody
2018,86709,,20180101,N,13.9,Hepatitis a igm antibody
2018,86710,,20180101,N,16.73,Influenza virus antibody
2018,86711,,20180101,N,17.77,John cunningham antibody
2018,86713,,20180101,N,18.89,Legionella antibody
2018,86717,,20180101,N,15.12,Leishmania antibody
2018,86720,,20180101,N,16.28,Leptospira antibody
2018,86723,,20180101,N,16.28,Listeria monocytogenes
2018,86727,,20180101,N,15.89,Lymph choriomeningitis ab
2018,86732,,20180101,N,16.28,Mucormycosis antibody
2018,86735,,20180101,N,16.11,Mumps antibody
2018,86738,,20180101,N,16.34,Mycoplasma antibody
2018,86741,,20180101,N,16.28,Neisseria meningitidis
2018,86744,,20180101,N,16.28,Nocardia antibody
2018,86747,,20180101,N,18.56,Parvovirus antibody
2018,86750,,20180101,N,16.28,Malaria antibody
2018,86753,,20180101,N,15.29,Protozoa antibody nos
2018,86756,,20180101,N,15.91,Respiratory virus antibody
2018,86757,,20180101,N,23.9,Rickettsia antibody
2018,86759,,20180101,N,18.23,Rotavirus antibody
2018,86762,,20180101,N,17.77,Rubella antibody
2018,86765,,20180101,N,15.9,Rubeola antibody
2018,86768,,20180101,N,16.28,Salmonella antibody
2018,86771,,20180101,N,24.48,Shigella antibody
2018,86774,,20180101,N,18.27,Tetanus antibody
2018,86777,,20180101,N,17.77,Toxoplasma antibody
2018,86778,,20180101,N,17.78,Toxoplasma antibody igm
2018,86780,,20180101,N,16.34,Treponema pallidum
2018,86780,QW,20180101,N,16.34,Treponema pallidum
2018,86784,,20180101,N,15.51,Trichinella antibody
2018,86787,,20180101,N,15.9,Varicella-zoster antibody
2018,86788,,20180101,N,20.8,West nile virus ab igm
2018,86789,,20180101,N,17.77,West nile virus antibody
2018,86790,,20180101,N,15.9,Virus antibody nos
2018,86793,,20180101,N,16.28,Yersinia antibody
2018,86794,,20180101,N,20.8,Zika virus igm antibody
2018,86800,,20180101,N,19.64,Thyroglobulin antibody
2018,86803,,20180101,N,17.61,Hepatitis c ab test
2018,86803,QW,20180101,N,17.61,Hepatitis c ab test
2018,86804,,20180101,N,19.13,Hep c ab test confirm
2018,86805,,20180101,N,189.51,Lymphocytotoxicity assay
2018,86806,,20180101,N,58.75,Lymphocytotoxicity assay
2018,86807,,20180101,N,78.65,Cytotoxic antibody screening
2018,86808,,20180101,N,36.64,Cytotoxic antibody screening
2018,86812,,20180101,N,31.86,Hla typing a b or c
2018,86813,,20180101,N,71.6,Hla typing a b or c
2018,86816,,20180101,N,34.39,Hla typing dr/dq
2018,86817,,20180101,N,106.14,Hla typing dr/dq
2018,86821,,20180101,N,45.14,Lymphocyte culture mixed
2018,86825,,20180101,N,109.49,Hla x-math non-cytotoxic
2018,86826,,20180101,N,36.53,Hla x-match noncytotoxc addl
2018,86828,,20180101,N,64.19,Hla class i&ii antibody qual
2018,86829,,20180101,N,64.19,Hla class i/ii antibody qual
2018,86830,,20180101,N,99.68,Hla class i phenotype qual
2018,86831,,20180101,N,85.44,Hla class ii phenotype qual
2018,86832,,20180101,N,323.75,Hla class i high defin qual
2018,86833,,20180101,N,325.8,Hla class ii high defin qual
2018,86834,,20180101,N,441.43,Hla class i semiquant panel
2018,86835,,20180101,N,398.72,Hla class ii semiquant panel
2018,86850,,20180101,N,9.77,Rbc antibody screen
2018,86880,,20180101,N,6.65,Coombs test direct
2018,86885,,20180101,N,7.07,Coombs test indirect qual
2018,86886,,20180101,N,6.39,Coombs test indirect titer
2018,86900,,20180101,N,3.69,Blood typing serologic abo
2018,86901,,20180101,N,3.69,Blood typing serologic rh(d)
2018,86902,,20180101,N,6.35,Blood type antigen donor ea
2018,86904,,20180101,N,16.34,Blood typing patient serum
2018,86905,,20180101,N,4.73,Blood typing rbc antigens
2018,86906,,20180101,N,9.57,Bld typing serologic rh phnt
2018,86940,,20180101,N,10.13,Hemolysins/agglutinins auto
2018,86941,,20180101,N,14.95,Hemolysins/agglutinins
2018,87003,,20180101,N,20.79,Small animal inoculation
2018,87015,,20180101,N,8.24,Specimen infect agnt concntj
2018,87040,,20180101,N,12.74,Blood culture for bacteria
2018,87045,,20180101,N,11.66,Feces culture aerobic bact
2018,87046,,20180101,N,11.66,Stool cultr aerobic bact ea
2018,87070,,20180101,N,10.64,Culture othr specimn aerobic
2018,87071,,20180101,N,11.66,Culture aerobic quant other
2018,87073,,20180101,N,11.66,Culture bacteria anaerobic
2018,87075,,20180101,N,11.69,Cultr bacteria except blood
2018,87076,,20180101,N,9.97,Culture anaerobe ident each
2018,87077,,20180101,N,9.97,Culture aerobic identify
2018,87077,QW,20180101,N,9.97,Culture aerobic identify
2018,87081,,20180101,N,8.18,Culture screen only
2018,87084,,20180101,N,27.07,Culture of specimen by kit
2018,87086,,20180101,N,9.96,Urine culture/colony count
2018,87088,,20180101,N,9.99,Urine bacteria culture
2018,87101,,20180101,N,9.51,Skin fungi culture
2018,87102,,20180101,N,10.38,Fungus isolation culture
2018,87103,,20180101,N,20.46,Blood fungus culture
2018,87106,,20180101,N,12.74,Fungi identification yeast
2018,87107,,20180101,N,12.74,Fungi identification mold
2018,87109,,20180101,N,19,Mycoplasma
2018,87110,,20180101,N,24.19,Chlamydia culture
2018,87116,,20180101,N,13.34,Mycobacteria culture
2018,87118,,20180101,N,14.61,Mycobacteric identification
2018,87140,,20180101,N,6.88,Culture type immunofluoresc
2018,87143,,20180101,N,15.46,Culture typing glc/hplc
2018,87147,,20180101,N,6.39,Culture type immunologic
2018,87149,,20180101,N,24.76,Dna/rna direct probe
2018,87150,,20180101,N,43.33,Dna/rna amplified probe
2018,87152,,20180101,N,7.74,Culture type pulse field gel
2018,87153,,20180101,N,142.42,Dna/rna sequencing
2018,87158,,20180101,N,7.74,Culture typing added method
2018,87164,,20180101,N,13.26,Dark field examination
2018,87166,,20180101,N,13.95,Dark field examination
2018,87168,,20180101,N,5.27,Macroscopic exam arthropod
2018,87169,,20180101,N,5.27,Macroscopic exam parasite
2018,87172,,20180101,N,5.27,Pinworm exam
2018,87176,,20180101,N,7.26,Tissue homogenization cultr
2018,87177,,20180101,N,10.99,Ova and parasites smears
2018,87181,,20180101,N,5.86,Microbe susceptible diffuse
2018,87184,,20180101,N,8.51,Microbe susceptible disk
2018,87185,,20180101,N,5.86,Microbe susceptible enzyme
2018,87186,,20180101,N,10.67,Microbe susceptible mic
2018,87187,,20180101,N,40.17,Microbe susceptible mlc
2018,87188,,20180101,N,8.2,Microbe suscept macrobroth
2018,87190,,20180101,N,7.31,Microbe suscept mycobacteri
2018,87197,,20180101,N,18.55,Bactericidal level serum
2018,87205,,20180101,N,5.27,Smear gram stain
2018,87206,,20180101,N,6.65,Smear fluorescent/acid stai
2018,87207,,20180101,N,7.4,Smear special stain
2018,87209,,20180101,N,22.19,Smear complex stain
2018,87210,,20180101,N,5.82,Smear wet mount saline/ink
2018,87210,QW,20180101,N,5.82,Smear wet mount saline/ink
2018,87220,,20180101,N,5.27,Tissue exam for fungi
2018,87230,,20180101,N,24.37,Assay toxin or antitoxin
2018,87250,,20180101,N,24.15,Virus inoculate eggs/animal
2018,87252,,20180101,N,32.18,Virus inoculation tissue
2018,87253,,20180101,N,24.94,Virus inoculate tissue addl
2018,87254,,20180101,N,24.15,Virus inoculation shell via
2018,87255,,20180101,N,41.81,Genet virus isolate hsv
2018,87260,,20180101,N,14.8,Adenovirus ag if
2018,87265,,20180101,N,14.8,Pertussis ag if
2018,87267,,20180101,N,14.8,Enterovirus antibody dfa
2018,87269,,20180101,N,14.8,Giardia ag if
2018,87270,,20180101,N,14.8,Chlamydia trachomatis ag if
2018,87271,,20180101,N,14.8,Cytomegalovirus dfa
2018,87272,,20180101,N,14.8,Cryptosporidium ag if
2018,87273,,20180101,N,14.8,Herpes simplex 2 ag if
2018,87274,,20180101,N,14.8,Herpes simplex 1 ag if
2018,87275,,20180101,N,14.8,Influenza b ag if
2018,87276,,20180101,N,16.07,Influenza a ag if
2018,87278,,20180101,N,15.6,Legion pneumophilia ag if
2018,87279,,20180101,N,16.43,Parainfluenza ag if
2018,87280,,20180101,N,14.8,Respiratory syncytial ag if
2018,87281,,20180101,N,14.8,Pneumocystis carinii ag if
2018,87283,,20180101,N,60.8,Rubeola ag if
2018,87285,,20180101,N,14.8,Treponema pallidum ag if
2018,87290,,20180101,N,14.8,Varicella zoster ag if
2018,87299,,20180101,N,16.1,Antibody detection nos if
2018,87300,,20180101,N,14.8,Ag detection polyval if
2018,87301,,20180101,N,14.8,Adenovirus ag ia
2018,87305,,20180101,N,14.8,Aspergillus ag ia
2018,87320,,20180101,N,15,Chylmd trach ag ia
2018,87324,,20180101,N,14.8,Clostridium ag ia
2018,87327,,20180101,N,14.8,Cryptococcus neoform ag ia
2018,87328,,20180101,N,14.8,Cryptosporidium ag ia
2018,87329,,20180101,N,14.8,Giardia ag ia
2018,87332,,20180101,N,14.8,Cytomegalovirus ag ia
2018,87335,,20180101,N,14.8,E coli 0157 ag ia
2018,87336,,20180101,N,16,Entamoeb hist dispr ag ia
2018,87337,,20180101,N,14.8,Entamoeb hist group ag ia
2018,87338,,20180101,N,17.76,Hpylori stool ia
2018,87338,QW,20180101,N,17.76,Hpylori stool ia
2018,87339,,20180101,N,16,H pylori ag ia
2018,87340,,20180101,N,12.75,Hepatitis b surface ag ia
2018,87341,,20180101,N,12.75,Hepatitis b surface ag ia
2018,87350,,20180101,N,14.23,Hepatitis be ag ia
2018,87380,,20180101,N,20.26,Hepatitis delta ag ia
2018,87385,,20180101,N,14.8,Histoplasma capsul ag ia
2018,87389,,20180101,N,29.73,Hiv-1 ag w/hiv-1 & hiv-2 ab
2018,87389,QW,20180101,N,29.73,Hiv-1 ag w/hiv-1 & hiv-2 ab
2018,87390,,20180101,N,24.06,Hiv-1 ag ia
2018,87391,,20180101,N,21.9,Hiv-2 ag ia
2018,87400,,20180101,N,14.8,Influenza a/b ag ia
2018,87420,,20180101,N,14.8,Resp syncytial ag ia
2018,87425,,20180101,N,14.8,Rotavirus ag ia
2018,87427,,20180101,N,14.8,Shiga-like toxin ag ia
2018,87430,,20180101,N,16.81,Strep a ag ia
2018,87449,,20180101,N,14.8,Ag detect nos ia mult
2018,87449,QW,20180101,N,14.8,Ag detect nos ia mult
2018,87450,,20180101,N,11.84,Ag detect nos ia single
2018,87451,,20180101,N,11.84,Ag detect polyval ia mult
2018,87471,,20180101,N,43.33,Bartonella dna amp probe
2018,87472,,20180101,N,52.88,Bartonella dna quant
2018,87475,,20180101,N,24.76,Lyme dis dna dir probe
2018,87476,,20180101,N,43.33,Lyme dis dna amp probe
2018,87480,,20180101,N,24.76,Candida dna dir probe
2018,87481,,20180101,N,43.33,Candida dna amp probe
2018,87482,,20180101,N,55.74,Candida dna quant
2018,87483,,20180101,N,514.55,Cns dna amp probe type 12-25
2018,87485,,20180101,N,24.76,Chylmd pneum dna dir probe
2018,87486,,20180101,N,43.33,Chylmd pneum dna amp probe
2018,87487,,20180101,N,52.88,Chylmd pneum dna quant
2018,87490,,20180101,N,24.76,Chylmd trach dna dir probe
2018,87491,,20180101,N,43.33,Chylmd trach dna amp probe
2018,87492,,20180101,N,53.47,Chylmd trach dna quant
2018,87493,,20180101,N,43.33,C diff amplified probe
2018,87495,,20180101,N,30.03,Cytomeg dna dir probe
2018,87496,,20180101,N,43.33,Cytomeg dna amp probe
2018,87497,,20180101,N,52.88,Cytomeg dna quant
2018,87498,,20180101,N,43.33,Enterovirus probe&revrs trns
2018,87500,,20180101,N,43.33,Vanomycin dna amp probe
2018,87501,,20180101,N,63.35,Influenza dna amp prob 1+
2018,87502,,20180101,N,105.06,Influenza dna amp probe
2018,87502,QW,20180101,N,105.06,Influenza dna amp probe
2018,87503,,20180101,N,29.22,Influenza dna amp prob addl
2018,87505,,20180101,N,158.38,Nfct agent detection gi
2018,87506,,20180101,N,263.49,Iadna-dna/rna probe tq 6-11
2018,87507,,20180101,N,514.55,Iadna-dna/rna probe tq 12-25
2018,87510,,20180101,N,24.76,Gardner vag dna dir probe
2018,87511,,20180101,N,43.33,Gardner vag dna amp probe
2018,87512,,20180101,N,51.55,Gardner vag dna quant
2018,87516,,20180101,N,43.33,Hepatitis b dna amp probe
2018,87517,,20180101,N,52.88,Hepatitis b dna quant
2018,87520,,20180101,N,31.22,Hepatitis c rna dir probe
2018,87521,,20180101,N,43.33,Hepatitis c probe&rvrs trnsc
2018,87522,,20180101,N,52.88,Hepatitis c revrs trnscrpj
2018,87525,,20180101,N,29.8,Hepatitis g dna dir probe
2018,87526,,20180101,N,43.33,Hepatitis g dna amp probe
2018,87527,,20180101,N,51.55,Hepatitis g dna quant
2018,87528,,20180101,N,24.76,Hsv dna dir probe
2018,87529,,20180101,N,43.33,Hsv dna amp probe
2018,87530,,20180101,N,52.88,Hsv dna quant
2018,87531,,20180101,N,58,Hhv-6 dna dir probe
2018,87532,,20180101,N,43.33,Hhv-6 dna amp probe
2018,87533,,20180101,N,51.55,Hhv-6 dna quant
2018,87534,,20180101,N,24.76,Hiv-1 dna dir probe
2018,87535,,20180101,N,43.33,Hiv-1 probe&reverse trnscrpj
2018,87536,,20180101,N,105.06,Hiv-1 quant&revrse trnscrpj
2018,87537,,20180101,N,24.76,Hiv-2 dna dir probe
2018,87538,,20180101,N,43.33,Hiv-2 probe&revrse trnscripj
2018,87539,,20180101,N,58.62,Hiv-2 quant&revrse trnscripj
2018,87540,,20180101,N,24.76,Legion pneumo dna dir prob
2018,87541,,20180101,N,43.33,Legion pneumo dna amp prob
2018,87542,,20180101,N,51.55,Legion pneumo dna quant
2018,87550,,20180101,N,24.76,Mycobacteria dna dir probe
2018,87551,,20180101,N,48.24,Mycobacteria dna amp probe
2018,87552,,20180101,N,52.88,Mycobacteria dna quant
2018,87555,,20180101,N,26.88,M.tuberculo dna dir probe
2018,87556,,20180101,N,43.33,M.tuberculo dna amp probe
2018,87557,,20180101,N,52.88,M.tuberculo dna quant
2018,87560,,20180101,N,27.29,M.avium-intra dna dir prob
2018,87561,,20180101,N,43.33,M.avium-intra dna amp prob
2018,87562,,20180101,N,52.88,M.avium-intra dna quant
2018,87580,,20180101,N,24.76,M.pneumon dna dir probe
2018,87581,,20180101,N,43.33,M.pneumon dna amp probe
2018,87582,,20180101,N,302.62,M.pneumon dna quant
2018,87590,,20180101,N,26.88,N.gonorrhoeae dna dir prob
2018,87591,,20180101,N,43.33,N.gonorrhoeae dna amp prob
2018,87592,,20180101,N,52.88,N.gonorrhoeae dna quant
2018,87623,,20180101,N,43.33,Hpv low-risk types
2018,87624,,20180101,N,43.33,Hpv high-risk types
2018,87625,,20180101,N,43.33,Hpv types 16 & 18 only
2018,87631,,20180101,N,158.38,Resp virus 3-5 targets
2018,87631,QW,20180101,N,158.38,Resp virus 3-5 targets
2018,87632,,20180101,N,263.49,Resp virus 6-11 targets
2018,87633,,20180101,N,514.55,Resp virus 12-25 targets
2018,87633,QW,20180101,N,514.55,Resp virus 12-25 targets
2018,87634,,20180101,N,86.66,Rsv dna/rna amp probe
2018,87640,,20180101,N,43.33,Staph a dna amp probe
2018,87641,,20180101,N,43.33,Mr-staph dna amp probe
2018,87650,,20180101,N,24.76,Strep a dna dir probe
2018,87650,QW,20180101,N,24.76,Strep a dna dir probe
2018,87651,,20180101,N,43.33,Strep a dna amp probe
2018,87651,QW,20180101,N,43.33,Strep a dna amp probe
2018,87652,,20180101,N,51.55,Strep a dna quant
2018,87653,,20180101,N,43.33,Strep b dna amp probe
2018,87660,,20180101,N,24.76,Trichomonas vagin dir probe
2018,87661,,20180101,N,43.33,Trichomonas vaginalis amplif
2018,87662,,20180101,N,63.35,Zika virus dna/rna amp probe
2018,87797,,20180101,N,30.03,Detect agent nos dna dir
2018,87798,,20180101,N,43.33,Detect agent nos dna amp
2018,87799,,20180101,N,52.88,Detect agent nos dna quant
2018,87800,,20180101,N,49.53,Detect agnt mult dna direc
2018,87801,,20180101,N,86.66,Detect agnt mult dna ampli
2018,87801,QW,20180101,N,86.66,Detect agnt mult dna ampli
2018,87802,,20180101,N,14.8,Strep b assay w/optic
2018,87803,,20180101,N,16,Clostridium toxin a w/optic
2018,87804,,20180101,N,16.55,Influenza assay w/optic
2018,87804,QW,20180101,N,16.55,Influenza assay w/optic
2018,87806,,20180101,N,32.77,Hiv antigen w/hiv antibodies
2018,87806,QW,20180101,N,32.77,Hiv antigen w/hiv antibodies
2018,87807,,20180101,N,14.8,Rsv assay w/optic
2018,87807,QW,20180101,N,14.8,Rsv assay w/optic
2018,87808,,20180101,N,15.29,Trichomonas assay w/optic
2018,87808,QW,20180101,N,15.29,Trichomonas assay w/optic
2018,87809,,20180101,N,21.76,Adenovirus assay w/optic
2018,87809,QW,20180101,N,21.76,Adenovirus assay w/optic
2018,87810,,20180101,N,35.29,Chylmd trach assay w/optic
2018,87850,,20180101,N,24.56,N. gonorrhoeae assay w/optic
2018,87880,,20180101,N,16.53,Strep a assay w/optic
2018,87880,QW,20180101,N,16.53,Strep a assay w/optic
2018,87899,,20180101,N,16.07,Agent nos assay w/optic
2018,87899,QW,20180101,N,16.07,Agent nos assay w/optic
2018,87900,,20180101,N,160.92,Phenotype infect agent drug
2018,87901,,20180101,N,317.84,Genotype dna hiv reverse t
2018,87902,,20180101,N,317.84,Genotype dna/rna hep c
2018,87903,,20180101,N,603.28,Phenotype dna hiv w/culture
2018,87904,,20180101,N,32.18,Phenotype dna hiv w/clt add
2018,87905,,20180101,N,15.08,Sialidase enzyme assay
2018,87905,QW,20180101,N,15.08,Sialidase enzyme assay
2018,87906,,20180101,N,158.92,Genotype dna/rna hiv
2018,87910,,20180101,N,317.84,Genotype cytomegalovirus
2018,87912,,20180101,N,317.84,Genotype dna hepatitis b
2018,88130,,20180101,N,22.19,Sex chromatin identification
2018,88140,,20180101,N,9.86,Sex chromatin identification
2018,88142,,20180101,N,25.01,Cytopath c/v thin layer
2018,88143,,20180101,N,25.01,Cytopath c/v thin layer redo
2018,88147,,20180101,N,50.56,Cytopath c/v automated
2018,88148,,20180101,N,18.76,Cytopath c/v auto rescreen
2018,88150,,20180101,N,14.65,Cytopath c/v manual
2018,88152,,20180101,N,27.64,Cytopath c/v auto redo
2018,88153,,20180101,N,24.03,Cytopath c/v redo
2018,88155,,20180101,N,14.65,Cytopath c/v index add-on
2018,88164,,20180101,N,14.65,Cytopath tbs c/v manual
2018,88165,,20180101,N,42.22,Cytopath tbs c/v redo
2018,88166,,20180101,N,14.65,Cytopath tbs c/v auto redo
2018,88167,,20180101,N,14.65,Cytopath tbs c/v select
2018,88174,,20180101,N,26.38,Cytopath c/v auto in fluid
2018,88175,,20180101,N,32.71,Cytopath c/v auto fluid redo
2018,88230,,20180101,N,143.82,Tissue culture lymphocyte
2018,88233,,20180101,N,173.74,Tissue culture skin/biopsy
2018,88235,,20180101,N,181.81,Tissue culture placenta
2018,88237,,20180101,N,155.93,Tissue culture bone marrow
2018,88239,,20180101,N,182.12,Tissue culture tumor
2018,88240,,20180101,N,13.07,Cell cryopreserve/storage
2018,88241,,20180101,N,12.47,Frozen cell preparation
2018,88245,,20180101,N,213.8,Chromosome analysis 20-25
2018,88248,,20180101,N,213.8,Chromosome analysis 50-100
2018,88249,,20180101,N,213.8,Chromosome analysis 100
2018,88261,,20180101,N,264.34,Chromosome analysis 5
2018,88262,,20180101,N,153.88,Chromosome analysis 15-20
2018,88263,,20180101,N,185.54,Chromosome analysis 45
2018,88264,,20180101,N,153.88,Chromosome analysis 20-25
2018,88267,,20180101,N,221.95,Chromosome analys placenta
2018,88269,,20180101,N,205.34,Chromosome analys amniotic
2018,88271,,20180101,N,26.44,Cytogenetics dna probe
2018,88272,,20180101,N,40.7,Cytogenetics 3-5
2018,88273,,20180101,N,39.66,Cytogenetics 10-30
2018,88274,,20180101,N,42.98,Cytogenetics 25-99
2018,88275,,20180101,N,51.19,Cytogenetics 100-300
2018,88280,,20180101,N,33.47,Chromosome karyotype study
2018,88283,,20180101,N,84.69,Chromosome banding study
2018,88285,,20180101,N,26.91,Chromosome count additional
2018,88289,,20180101,N,42.51,Chromosome study additional
2018,88371,,20180101,N,27.44,Protein western blot tissue
2018,88372,,20180101,N,28.08,Protein analysis w/probe
2018,88720,,20180101,N,6.19,Bilirubin total transcut
2018,88738,,20180101,N,6.19,Hgb quant transcutaneous
2018,88740,,20180101,N,9.37,Transcutaneous carboxyhb
2018,88741,,20180101,N,9.37,Transcutaneous methb
2018,89050,,20180101,N,5.83,Body fluid cell count
2018,89051,,20180101,N,6.8,Body fluid cell count
2018,89055,,20180101,N,5.27,Leukocyte assessment fecal
2018,89060,,20180101,N,8.83,Exam synovial fluid crystals
2018,89125,,20180101,N,5.88,Specimen fat stain
2018,89160,,20180101,N,4.85,Exam feces for meat fibers
2018,89190,,20180101,N,5.86,Nasal smear for eosinophils
2018,89300,,20180101,N,11.03,Semen analysis w/huhner
2018,89300,QW,20180101,N,11.03,Semen analysis w/huhner
2018,89310,,20180101,N,10.63,Semen analysis w/count
2018,89320,,20180101,N,14.88,Semen anal vol/count/mot
2018,89321,,20180101,N,14.88,Semen anal sperm detection
2018,89321,QW,20180101,N,14.88,Semen anal sperm detection
2018,89322,,20180101,N,19.13,Semen anal strict criteria
2018,89325,,20180101,N,13.18,Sperm antibody test
2018,89329,,20180101,N,24.18,Sperm evaluation test
2018,89330,,20180101,N,12.21,Evaluation cervical mucus
2018,89331,,20180101,N,24.18,Retrograde ejaculation anal
2018,G0027,,20180101,N,8.03,Semen analysis
2018,G0103,,20180101,N,22.71,Psa screening
2018,G0123,,20180101,N,25.01,Screen cerv/vag thin layer
2018,G0143,,20180101,N,27.05,"Scr c/v cyto,thinlayer,rescr"
2018,G0144,,20180101,N,43.97,"Scr c/v cyto,thinlayer,rescr"
2018,G0145,,20180101,N,32.71,"Scr c/v cyto,thinlayer,rescr"
2018,G0147,,20180101,N,14.65,"Scr c/v cyto, automated sys"
2018,G0148,,20180101,N,31.94,"Scr c/v cyto, autosys, rescr"
2018,G0306,,20180101,N,9.59,Cbc/diffwbc w/o platelet
2018,G0307,,20180101,N,7.98,Cbc without platelet
2018,G0328,,20180101,N,19.64,Fecal blood scrn immunoassay
2018,G0328,QW,20180101,N,19.64,Fecal blood scrn immunoassay
2018,G0432,,20180101,N,19.57,Eia hiv-1/hiv-2 screen
2018,G0433,,20180101,N,18.29,Elisa hiv-1/hiv-2 screen
2018,G0433,QW,20180101,N,18.29,Elisa hiv-1/hiv-2 screen
2018,G0435,,20180101,N,14.8,Oral hiv-1/hiv-2 screen
2018,G0471,,20180101,N,5,Ven blood coll snf/hha
2018,G0472,,20180101,N,46.35,Hep c screen high risk/other
2018,G0472,QW,20180101,N,46.35,Hep c screen high risk/other
2018,G0475,,20180101,N,29.73,Hiv combination assay
2018,G0475,QW,20180101,N,29.73,Hiv combination assay
2018,G0476,,20180101,N,43.33,Hpv combo assay ca screen
2018,G0480,,20180101,N,114.43,Drug test def 1-7 classes
2018,G0481,,20180101,N,156.59,Drug test def 8-14 classes
2018,G0482,,20180101,N,198.74,Drug test def 15-21 classes
2018,G0483,,20180101,N,246.92,Drug test def 22+ classes
2018,G0499,,20180101,N,34.9,Hepb screen high risk indiv
2018,G0659,,20180101,N,71.83,Drug test def simple all cl
2018,G9143,,20180101,N,149.03,Warfarin respon genetic test
2018,P2028,,20180101,N,6.11,Cephalin floculation test
2018,P2029,,20180101,N,6.11,Congo red blood test
2018,P2031,,20180101,N,6.11,Hair analysis
2018,P2033,,20180101,N,6.11,Blood thymol turbidity
2018,P2038,,20180101,N,6.11,Blood mucoprotein
2018,P3000,,20180101,N,14.65,Screen pap by tech w md supv
2018,P9612,,20180101,N,3,Catheterize for urine spec
2018,P9615,,20180101,N,3,Urine specimen collect mult
2018,Q0111,,20180101,N,14.65,Wet mounts/ w preparations
2018,Q0112,,20180101,N,5.83,Potassium hydroxide preps
2018,Q0113,,20180101,N,5.27,Pinworm examinations
2018,Q0114,,20180101,N,9.74,Fern test
2018,Q0115,,20180101,N,25,Post-coital mucous exam
